学校名,所在地,,种类,荣誉,首页网址,,,,数据来源：http://www.gaokaopai.com/daxue.html
宁夏工业职业学院,宁夏,银川,理工类,,http://www.ngzy.nx.edu.cn,,,,
天津城市职业学院,天津,天津,综合类,,http://www.tjcsxy.cn/,,,,
天津医学高等专科学校,天津,天津,医药类,,http://www.tjyzh.cn/,,,,
天津公安警官职业学院,天津,天津,政法类,,http://www.tjjingyuan.cn/,,,,
内蒙古工业职业学院,内蒙古,呼和浩特,理工类,,http://www.nmgongye.cn,,,,
天津交通职业学院,天津,天津,理工类,,http://www.tjtvc.com/,,,,
天津中德职业技术学院,天津,天津,理工类,,http://www.zdtj.cn/,,,,
内蒙古商贸职业学院,内蒙古,呼和浩特,财经类,,http://www.imvcc.com/,,,,
内蒙古化工职业学院,内蒙古,呼和浩特,理工类,,http://www.hgzyxy.com.cn/,,,,
兴安职业技术学院,内蒙古,古乌兰浩特,师范类,,http://www.nmxzy.cn/,,,,
内江职业技术学院,四川,内江,综合类,,http://www.njvtc.cn/,,,,
云南科技信息职业学院,云南,昆明,理工类,,http://www.ynkexin.cn/,,,,
云南现代职业技术学院,云南,昆明,综合类,,http://www.ynxd.net.cn/,,,,
大连航运职业技术学院,辽宁,大连,理工类,,http://www.dlsc.net.cn/,,,,
云南热带作物职业学院,云南,普洱,农林类,,http://www.ynry.cn/,,,,
云南旅游职业学院,云南,昆明,财经类,,http://www.ynctv.com/,,,,
云南新兴职业学院,云南,昆明,综合类,,http://http//www.ynxzy.com,,,,
云南外事外语职业学院,云南,昆明,语言类,,http://www.fafl.cn/,,,,
大连职业技术学院,辽宁,大连,综合类,,http://www.dlvtc.edu.cn,,,,
大连翻译职业学院,辽宁,大连,语言类,,http://www.dltcedu.org/,,,,
云南三鑫职业技术学院,云南,文山,理工类,,http://www.ynsxzy.com/,,,,
大连汽车职业技术学院,辽宁,大连,理工类,,http://www.dlqcxy.net/,,,,
大连枫叶职业技术学院,辽宁,大连,理工类,,http://www.dlxgjy.com/,,,,
大庆医学高等专科学校,黑龙江,大庆,医药类,,http://dqyz.petrodaqing.com/,,,,
大兴安岭职业学院,黑龙江,加格达奇,综合类,,http://www.dxalu.com/,,,,
四川长江职业学院,四川,成都,综合类,,http://www.sccvc.com/,,,,
四川财经职业学院,四川,成都,财经类,,http://www.scpcfe.cn/tabid/40/Default.aspx,,,,
四川艺术职业学院,四川,成都,艺术类,,http://www.scapi.cn/,,,,
四川管理职业学院,四川,成都,财经类,,http://www.scmpi.cn/,,,,
四川科技职业学院,四川,成都,综合类,,http://scstc.cn/,,,,
四川电力职业技术学院,四川,成都,理工类,,http://www.kc.sc.sgcc.com.cn/www/default.asp,,,,
四川现代职业学院,四川,成都,财经类,,http://www.scmvc.cn/,,,,
四川汽车职业技术学院,四川,绵阳,医药类,,http://www.scavtc.com/,,,,
四川文化传媒职业学院,四川,成都,综合类,,http://www.svccc.net/,,,,
四川水利职业技术学院,四川,都江堰,理工类,,http://www.swcvc.net.cn/,,,,
四川希望汽车职业学院,四川,资阳,理工类,,http://qicheedu.com/,,,,
四川化工职业技术学院,四川,泸州,理工类,,http://sccc.edu.cn/index.asp,,,,
潇湘职业学院,湖南,娄底,综合类,,http://www.hnxxc.com/,,,,
四川信息职业技术学院,四川,广元,理工类,,http://www.scitc.com.cn/,,,,
吉林司法警官职业学院,吉林,长春,政法类,,http://www.jlsfjy.cn/,,,,
合肥职业技术学院,安徽,巢湖,综合类,,http://www1.chzy.org/,,,,
厦门海洋职业技术学院,福建,厦门,农林类,,http://www.xmoc.cn/,,,,
厦门安防科技职业学院,福建,厦门,理工类,,http://www.xmafkj.com/,,,,
厦门城市职业学院,福建,厦门,综合类,,http://www.xmcu.cn/,,,,
厦门南洋职业学院,福建,厦门,综合类,,http://www.ny2000.com/,,,,
厦门兴才职业技术学院,福建,厦门,综合类,,http://www.xmxc.com/,,,,
南阳医学高等专科学校,河南,南阳,医药类,,http://www.nymc.cn/,,,,
北京京北职业技术学院,北京,北京,理工类,,http://www.jbzy.com.cn/,,,,
内蒙古经贸外语职业学院,内蒙古,呼和浩特,语言类,,http://www.nmgjwy.com/,,,,
内蒙古建筑职业技术学院,内蒙古,呼和浩特,理工类,,http://www.imaa.edu.cn/structure/index.htm,,,,
内蒙古北方职业技术学院,内蒙古,呼和浩特,综合类,,http://www.nmbfxy.com,,,,
六安职业技术学院,安徽,六安,理工类,,http://www.lvtc.edu.cn/,,,,
克拉玛依职业技术学院,新疆,克拉玛依,理工类,,http://www.kzjsxy.net/,,,,
信阳职业技术学院,河南,信阳,师范类,,http://www.xyvtc.edu.cn/,,,,
伊春职业学院,黑龙江,伊春,综合类,,http://www.ycvc.com.cn/,,,,
亳州职业技术学院,安徽,亳州,理工类,,http://www.bzvtc.com/,,,,
云南锡业职业技术学院,云南,红河,理工类,,http://http：//www.ytvtc.com,,,,
云南经贸外事职业学院,云南,昆明,财经类,,http://www.ynjw.net/,,,,
云南林业职业技术学院,云南,昆明,林业类,,http://www.ynftc.cn/,,,,
云南文化艺术职业学院,云南,昆明,艺术类,,http://www.ynarts.cn/,,,,
云南城市建设职业学院,云南,昆明,综合类,,http://www.yncjxy.com/,,,,
云南商务职业学院,云南,昆明,财经类,,http://www.ynswxy.com/,,,,
九州职业技术学院,江苏,徐州,理工类,,http://www.jznu.com.cn/,,,,
乐山职业技术学院,四川,乐山,综合类,,http://www.lszyxy.com/,,,,
义乌工商职业技术学院,浙江,义乌,综合类,,http://www.ywu.cn/,,,,
郑州工程技术学院,河南,郑州,理工类,,http://www.zhzhu.edu.cn,,,,
东莞职业技术学院,广东,东莞,理工类,,http://www.dgpt.edu.cn/,,,,
廊坊职业技术学院,河北,廊坊,理工类,,http://www.lfzj.cn/,,,,
辽宁省交通高等专科学校,辽宁,沈阳,理工类,,http://www.lncc.edu.cn/index.asp,,,,
吉林城市职业技术学院,吉林,长春,综合类,,http://223.4.200.29:30018/about.aspx?id=15,,,,
北京卫生职业学院,北京,北京,理工类,,http://www.bjwszyxy.com,,,,
内蒙古美术职业学院,内蒙古,古巴彦淖尔,艺术类,,http://www.nmgmsxy.net/,,,,
景德镇陶瓷职业技术学院,江西,景德镇,理工类,,http://www.jcivt.com/,,,,
惠州卫生职业技术学院,广东,惠州,理工类,,http://www.hzwx.cn/index.aspx,,,,
河北外国语职业学院,河北,秦皇岛,语言类,,http://www.hbvcfl.com.cn,,,,
桐城师范高等专科学校,安徽,桐城,师范类,,http://www.tcsfgz.com/,,,,
泊头职业学院,河北,泊头,综合类,,http://www.btzyxy.com.cn/,,,,
保定电力职业技术学院,河北,保定,理工类,,http://www.bddy.cn/,,,,
漯河食品职业学院,河南,漯河,理工类,,http://www.lsgx.com.cn/new/,,,,
廊坊卫生职业学院,河北,廊坊,医药类,,http://www.lfwx.net/,,,,
信阳涉外职业技术学院,河南,信阳,理工类,,http://www.xyswxy.com/,,,,
广西现代职业技术学院,广西,河池,综合类,,http://www.gxxd.net.cn/new/,,,,
山西轻工职业技术学院,山西,太原,理工类,,http://www.sxqgzy.cn/,,,,
陕西工商职业学院,陕西,西安,财经类,,http://www.snbcedu.cn/,,,,
运城职业技术学院,山西,运城,理工类,,http://www.ycptu.edu.cn/,,,,
安徽矿业职业技术学院,安徽,淮北,理工类,,http://www.anhky.com/,,,,
石家庄科技职业学院,河北,石家庄,理工类,,http://www.sjzkjxy.net/,,,,
甘肃机电职业技术学院,甘肃,天水,理工类,,http://www.gsjdxy.com/,,,,
天门职业学院,湖北,天门,综合类,,http://www.tmzyxy.cn/,,,,
三峡旅游职业技术学院,湖北,宜昌,师范类,,http://www.sxlyzy.edu.cn/,,,,
荆州理工职业学院,湖北,荆州,理工类,,http://www.jzlg.cn/,,,,
大连软件职业学院,辽宁,大连,理工类,,http://www.dlrj.edu.cn/,,,,
襄阳汽车职业技术学院,湖北,襄阳,理工类,,http://www.xyqczy.com/,,,,
阳泉师范高等专科学校,山西,阳泉,师范类,,http://www.sxyqsz.cn/,,,,
大同煤炭职业技术学院,山西,大同,理工类,,http://www.dtmtxy.cn/,,,,
山西职业技术学院,山西,太原,理工类,,http://www.sxzzy.cn/,,,,
山西青年职业学院,山西,太原,综合类,,http://www.sxqzy.cn/,,,,
北京交通运输职业学院,北京,北京,理工类,,http://www.bjjtxx.com/,,,,
重庆安全技术职业学院,重庆,重庆,理工类,,http://www.cqvist.net/,,,,
重庆旅游职业学院,重庆,重庆,综合类,,http://www.cqvit.com/,,,,
滁州城市职业学院,安徽,滁州,财经类,,http://www.fysf.com/main/,,,,
北京体育职业学院,北京,北京,体育类,,http://www.bjtzhy.org ?,,,,
泰山护理职业学院,山东,泰安,医药类,,http://www.tawx.com.cn/,,,,
潍坊护理职业学院,山东,青州,医药类,,http://www.wfhlxy.com/,,,,
江西工商职业技术学院,江西,南昌,财经类,,http://www.jxgsxy.cn/,,,,
满洲里俄语职业学院,内蒙古,古满洲里,语言类,,http://ey.mzlxy.cn/,,,,
呼伦贝尔职业技术学院,内蒙古,古呼伦贝尔,综合类,,http://hlbrzy.com/,,,,
吉林科技职业技术学院,吉林,长春,理工类,,http://www.jilinkj.com/,,,,
四平职业大学,吉林,四平,理工类,,http://www.jlsppc.cn/,,,,
江西新能源科技职业学院,江西,新余,理工类,,http://www.jxnee.com/,,,,
黑龙江护理高等专科学校,黑龙江,哈尔滨,医药类,,http://www.hljhlgz.com/,,,,
江苏建筑职业技术学院,江苏,徐州,理工类,,http://www.jsjzi.edu.cn/,,,,
江苏建康职业学院,江苏,南京,医药类,,http://www.jssmu.edu.cn/,,,,
海南外国语职业学院,海南,文昌,语言类,,http://www.hnflvc.com/,,,,
江西制造职业技术学院,江西,南昌,理工类,,http://www.jxmtc.com/,,,,
天津冶金职业技术学院,天津,天津,理工类,,http://www.tjmvti.cn/,,,,
山东医学高等专科学校,山东,临沂,医药类,,http://www.sdmc.net.cn/,,,,
海南经贸职业技术学院,海南,海口,财经类,,http://hnjmc.com/,,,,
天津海运职业学院,天津,天津,综合类,,http://www.tjhyzyxy.com,,,,
天津铁道职业技术学院,天津,天津,理工类,,http://www.tjtdxy.cn/,,,,
河北软件职业技术学院,河北,保定,理工类,,http://www.hbsi.com.cn/,,,,
武汉交通职业学院,湖北,武汉,理工类,,http://www.whtcc.edu.cn,,,,
武汉民政职业学院,湖北,武汉,政法类,,http://www.whmzxy.cn/,,,,
武汉铁路职业技术学院,湖北,武汉,理工类,,http://www.wru.com.cn/,,,,
江苏海事职业技术学院,江苏,南京,理工类,,http://www1.jmi.edu.cn/,,,,
鄂东职业技术学院,湖北,黄冈,理工类,,http://www.edzy.cn/,,,,
广西经贸职业技术学院,广西,南宁,财经类,,http://www.gxjmzy.com/,,,,
广州南洋理工职业学院,广东,广州,综合类,,http://www.nyjy.cn/,,,,
湖北国土资源职业学院,湖北,荆州,理工类,,http://www.hbgt.com.cn/,,,,
江西建设职业技术学院,江西,南昌,理工类,,http://www.jxjsxy.com/contents/3/156_v.aspx,,,,
南充职业技术学院,四川,南充,综合类,,http://www.nczy.com/,,,,
唐山科技职业技术学院,河北,唐山,理工类,,http://www.?tskjzy.?cn,,,,
山西旅游职业学院,山西,太原,语言类,,http://www.sxtvi.com.cn/,,,,
四川航天职业技术学院,四川,成都,理工类,,http://www.sacvt.com/,,,,
天津石油职业技术学院,天津,天津,理工类,,http://www.tjsyxy.com/main/,,,,
保险职业学院,湖南,长沙,财经类,,http://www.bxxy.com/,,,,
北京汇佳职业学院,北京,北京,语言类,,http://www.hju.net.cn/,,,,
北京培黎职业学院,北京,北京,综合类,,http://www.bjpldx.edu.cn/,,,,
苏州健雄职业技术学院,江苏,太仓,理工类,,http://www.wjxvtc.cn/,,,,
江苏财经职业技术学院,江苏,淮安,财经类,,http://www.jscjxy.cn/,,,,
苏州工业职业技术学院,江苏,苏州,理工类,,http://www.siit.cn/,,,,
南京旅游职业学院,江苏,南京,财经类,,http://www.njith.net,,,,
宁波城市职业技术学院,浙江,宁波,综合类,,http://www.nbcc.cn/,,,,
浙江体育职业技术学院,浙江,杭州,体育类,,http://www.zjcs.net.cn/,,,,
台州科技职业学院,浙江,台州,综合类,,http://www.tzvcst.net/,,,,
安徽机电职业技术学院,安徽,芜湖,理工类,,http://www.ahcme.cn/,,,,
锡林郭勒职业学院,内蒙古,古锡林浩特,综合类,,http://www.xlglvc.cn/,,,,
内蒙古交通职业技术学院,内蒙古,古赤峰,理工类,,http://www.nmjtzy.com/,,,,
通辽职业学院,内蒙古,古通辽,综合类,,http://www.tlzyxy.com/,,,,
乌兰察布职业学院,内蒙古,古乌兰察布,综合类,,http://www.wlcbzyxy.com.cn/,,,,
乌海职业技术学院,内蒙古,古乌海,理工类,,http://www.whvtc.net,,,,
内蒙古机电职业技术学院,内蒙古,呼和浩特,理工类,,http://www.nmgjdxy.com/web/main/,,,,
包头铁道职业技术学院,内蒙古,古包头,理工类,,http://www.bttzy.com/,,,,
辽宁建筑职业学院,辽宁,辽阳,理工类,,http://www.lnjzxy.com,,,,
吉林铁道职业技术学院,吉林,吉林,理工类,,http://www.jtpt.cn/,,,,
七台河职业学院,黑龙江,七台河,综合类,,http://www.qthzyxy.com/,,,,
佳木斯职业学院,黑龙江,佳木斯,综合类,,http://www.jmszy.com/,,,,
无锡城市职业技术学院,江苏,无锡,财经类,,http://101.76.40.10/wxcsxy/,,,,
北京科技大学延庆分校,北京,北京,理工类,,http://www.ustbyq.com/,,,,
北京劳动保障职业学院,北京,北京,财经类,,http://www.bvclss.cn/,,,,
北京社会管理职业学院,北京,北京,政法类,,http://www.bcsa.edu.cn,,,,
河北机电职业技术学院,河北,邢台,理工类,,http://www.hbjd.com.cn/,,,,
冀中职业学院,河北,保定,理工类,,http://www.jzhxy.com/,,,,
太原电力高等专科学校,山西,太原,理工类,,http://211.82.16.68/,,,,
山西省财政税务专科学校,山西,太原,财经类,,http://www.sxftc.edu.cn:8089/schoolww/,,,,
河北公安警察职业学院,河北,石家庄,政法类,,http://www.hebsjy.com/,,,,
河北女子职业技术学院,河北,石家庄,语言类,,http://www.hebnzxy.com/,,,,
太原旅游职业学院,山西,太原,语言类,,http://www.tylyzyxy.com/,,,,
山西警官职业学院,山西,太原,政法类,,http://www.sxpolice.cn/,,,,
山西体育职业学院,山西,太原,体育类,,http://www.sxptc.com,,,,
山西国际商务职业学院,山西,太原,财经类,,http://www.sxibs.com/,,,,
忻州职业技术学院,山西,忻州,综合类,,http://www.xzvtc.com/,,,,
武威职业学院,甘肃,武威,综合类,,http://www.wwoc.cn/,,,,
北海职业学院,广西,北海,综合类,,http://www.bhzyxy.net/,,,,
广西工业职业技术学院,广西,南宁,理工类,,http://www.gxic.net/,,,,
广西工商职业技术学院,广西,南宁,财经类,,http://www.gxgsxy.com/,,,,
海南软件职业技术学院,海南,琼海,理工类,,http://www.hnspi.net/,,,,
海南科技职业学院,海南,海口,理工类,,http://www.hnkjedu.cn/,,,,
重庆医药高等专科学校,重庆,重庆,医药类,,http://www.cqyygz.com/,,,,
重庆青年职业技术学院,重庆,重庆,综合类,,http://www.cqqzy.cn/,,,,
重庆工商职业学院,重庆,重庆,综合类,,http://www.cqtbi.edu.cn/,,,,
重庆工贸职业技术学院,重庆,重庆,综合类,,http://www.e9151.com/school/about_school_1498.html,,,,
重庆电子工程职业学院,重庆,重庆,理工类,,http://www.cqcet.com/,,,,
重庆财经职业学院,重庆,重庆,财经类,,http://cqcfezs.university-hr.cn/school_brief_introduction_zs.php,,,,
重庆建筑工程职业学院,重庆,重庆,理工类,,http://www.cctc.cq.cn/,,,,
四川中医药高等专科学校,四川,绵阳,医药类,,http://www.scctcm.cn/,,,,
成都职业技术学院,四川,成都,综合类,,http://www.cdvtc.com/cdvtc07/,,,,
四川邮电职业技术学院,四川,成都,理工类,,http://www.sptpc.com/Category_1/Index.aspx,,,,
四川文化产业职业学院,四川,成都,综合类,,http://www.scvcci.cn/chinese/index.asp,,,,
四川司法警官职业学院,四川,德阳,政法类,,http://www.sjpopc.net/,,,,
四川商务职业学院,四川,成都,财经类,,http://www.scsw.net.cn/,,,,
丽江师范高等专科学校,云南,丽江,师范类,,http://www.lj-edu.cn/,,,,
云南机电职业技术学院,云南,昆明,理工类,,http://www.ynmec.com,,,,
毕节职业技术学院,贵州,毕节,综合类,,http://www.gzbjzy.edu.cn/,,,,
保山中医药高等专科学校,云南,保山,医药类,,http://www.bszyz.cn,,,,
汉中职业技术学院,陕西,汉中,综合类,,http://www.hzvtc.cn/,,,,
咸阳职业技术学院,陕西,咸阳,综合类,,http://www.xianyangzhiyuan.cn/,,,,
宝鸡职业技术学院,陕西,宝鸡,师范类,,http://www.bjvtc.com/,,,,
陇南师范高等专科学校,甘肃,陇南,师范类,,http://www.lntc.edu.cn/,,,,
三峡电力职业学院,湖北,宜昌,理工类,,http://www.tgcep.cn/,,,,
湖北财税职业学院,湖北,武汉,财经类,,http://www.hbcszyxy.cn/,,,,
武汉软件工程职业学院,湖北,武汉,理工类,,http://www.whvcse.com/,,,,
湖北工程职业学院,湖北,黄石,理工类,,http://www.hspt.net.cn/,,,,
湖南信息职业技术学院,湖南,长沙,理工类,,http://www.hniu.cn/,,,,
湖南民族职业学院,湖南,岳阳,民族类,,http://hnvc.net.cn/,,,,
怀化职业技术学院,湖南,怀化,综合类,,http://www.hhvtc.com.cn/,,,,
湖南电气职业技术学院,湖南,湘潭,理工类,,http://www.hnjd.net.cn/,,,,
湖南城建职业技术学院,湖南,湘潭,理工类,,http://www.hnucc.com/templet/root/,,,,
长沙职业技术学院,湖南,长沙,综合类,,http://www.cszyedu.cn/,,,,
中山职业技术学院,广东,中山,综合类,,http://www.zspt.cn/,,,,
广州科技贸易职业学院,广东,广州,综合类,,http://www.gzkmu.cn/,,,,
中山火炬职业技术学院,广东,中山,理工类,,http://www.zstp.cn/,,,,
广东理工职业学院,广东,广州,理工类,,http://www.gdpi.edu.cn/,,,,
广东科贸职业学院,广东,广州,综合类,,http://183.63.72.74:800/,,,,
江西航空职业技术学院,江西,南昌,理工类,,http://www.jhxy.com.cn/,,,,
江西应用工程职业学院,江西,萍乡,理工类,,http://www.jxatei.net/,,,,
上饶职业技术学院,江西,上饶,理工类,,http://www.srzy.cn/,,,,
江西农业工程职业学院,江西,樟树,农林类,,http://www.jxaevc.gov.cn/,,,,
淄博师范高等专科学校,山东,淄博,师范类,,http://www.zbnc.edu.cn/,,,,
山东城市建设职业学院,山东,济南,理工类,,http://www.sdcjxy.com,,,,
山东司法警官职业学院,山东,济南,政法类,,http://www.sdsfjy.com/,,,,
临沂职业学院,山东,临沂,综合类,,http://www.lyzyxy.com/,,,,
河南农业职业学院,河南,郑州,农林类,,http://www.hnca.edu.cn/,,,,
周口科技职业学院,河南,周口,理工类,,http://www.zkkjxy.net/,,,,
菏泽家政职业学院,山东,菏泽,综合类,,http://www.hzjzxy.com/,,,,
江汉艺术职业学院,湖北,潜江,艺术类,,http://new.hbjhart.com/,,,,
湖北艺术职业学院,湖北,武汉,艺术类,,http://www.artschool.com.cn/front/MainPageServlet,,,,
咸宁职业技术学院,湖北,咸宁,理工类,,http://www.xnec.cn/,,,,
广州珠江职业技术学院,广东,广州,综合类,,http://www.gzzjedu.cn/,,,,
桂林山水职业学院,广西,桂林,综合类,,http://www.guolianweb.com/,,,,
三亚城市职业学院,海南,三亚,语言类,,http://www.sycsxy.cn/,,,,
四川华新现代职业学院,四川,成都,综合类,,http://www.schxmvc.com.cn/,,,,
陕西电子科技职业学院,陕西,西安,理工类,,http://www.sxetcedu.com/,,,,
陕西旅游烹饪职业学院,陕西,西安,财经类,,http://www.sntcc.cn/,,,,
江西中医药高等专科学校,江西,抚州,医药类,,http://www.jxtcms.net/,,,,
南昌师范高等专科学校,江西,南昌,师范类,,http://www.nctc.com.cn/,,,,
厦门软件职业技术学院,福建,厦门,理工类,,http://www.xmist.edu.cn/,,,,
江西科技职业学院,江西,南昌,综合类,,http://www.jxkeda.com/,,,,
武昌职业学院,湖北,武汉,理工类,,http://www.wczy.cn/,,,,
北京政法职业学院,北京,北京,政法类,,http://www.bcpl.cn/,,,,
山西老区职业技术学院,山西,太原,综合类,,http://www.sxlqzy.cn ,,,,
内蒙古丰州职业学院,内蒙古,呼和浩特,理工类,,http://www.nmzsxy.com/,,,,
内蒙古科技职业学院,内蒙古,呼和浩特,理工类,,http://www.imtvc.cn/,,,,
广东科学技术职业学院,广东,广州,综合类,,http://www.gdit.edu.cn/,,,,
广东文艺职业学院,广东,广州,艺术类,,http://www.gdla.edu.cn/,,,,
广东工程职业技术学院,广东,广州,理工类,,http://www.gpc.net.cn/,,,,
陕西交通职业技术学院,陕西,西安,理工类,,http://www.scct.cn/,,,,
西安航空职业技术学院,陕西,西安,理工类,,http://www.xihang.com.cn/,,,,
新疆师范高等专科学校,新疆,乌鲁木齐,师范类,,http://www.xjei.cn/,,,,
兰州石化职业技术学院,甘肃,兰州,理工类,,http://www.lzpcc.com.cn/,,,,
甘肃工业职业技术学院,甘肃,天水,理工类,,http://www.gsipc.gsedu.cn/,,,,
甘肃警察职业学院,甘肃,兰州,政法类,,http://www.gssjczyxy.com/,,,,
兰州外语职业学院,甘肃,兰州,语言类,,http://www.lzwyedu.com/,,,,
兰州职业技术学院,甘肃,兰州,综合类,,http://www.lvu.edu.cn/,,,,
新疆农业职业技术学院,新疆,昌吉,农林类,,http://www.xjnzy.edu.cn/,,,,
新疆机电职业技术学院,新疆,乌鲁木齐,理工类,,http://www.xjjd.com.cn/,,,,
昌吉职业技术学院,新疆,昌吉,理工类,,http://www.cjpt.cn/,,,,
伊犁职业技术学院,新疆,伊宁,农林类,,http://www.ylzyjs.cn/,,,,
宁夏司法警官职业学院,宁夏,银川,政法类,,http://www.nsjy.com.cn/,,,,
阿克苏职业技术学院,新疆,阿克苏,综合类,,http://www.akszy.com/indexout.asp,,,,
四川机电职业技术学院,四川,攀枝花,理工类,,http://www.scemi.com/,,,,
四川工程职业技术学院,四川,德阳,理工类,,http://www.scetc.net/,,,,
四川工商职业技术学院,四川,都江堰,理工类,,http://www.sctbc.net/,,,,
四川交通职业技术学院,四川,成都,理工类,,http://221.237.163.247/,,,,
四川建筑职业技术学院,四川,德阳,理工类,,http://www.scatc.net/,,,,
宜宾职业技术学院,四川,宜宾,综合类,,http://www.ybzy.cn/,,,,
四川职业技术学院,四川,遂宁,综合类,,http://www.sczyxy.cn/index.asp,,,,
泸州职业技术学院,四川,泸州,综合类,,http://www.lzy.edu.cn/,,,,
遵义职业技术学院,贵州,遵义,综合类,,http://www.zyzy.gov.cn/,,,,
云南国土资源职业学院,云南,昆明,理工类,,http://www.yngtxy.net/,,,,
云南交通职业技术学院,云南,昆明,理工类,,http://www.yncs.edu.cn/,,,,
六盘水职业技术学院,贵州,六盘水,综合类,,http://www.lpszy.cn/,,,,
云南能源职业技术学院,云南,曲靖,理工类,,http://www.ynny.cn/,,,,
云南农业职业技术学院,云南,昆明,农林类,,http://new.ynavc.com/,,,,
云南司法警官职业学院,云南,昆明,政法类,,http://www.yncpu.net/,,,,
陕西工业职业技术学院,陕西,咸阳,理工类,,http://www.sxpi.com.cn/structure/sgzy/newindex,,,,
陕西财经职业技术学院,陕西,咸阳,财经类,,http://www.sxptife.net/,,,,
广东轻工职业技术学院,广东,广州,理工类,,http://www.gdqy.edu.cn/,,,,
深圳信息职业技术学院,广东,深圳,理工类,,http://sziit.com.cn/,,,,
湖南体育职业学院,湖南,长沙,体育类,,http://www.hntyxy.net/,,,,
深圳职业技术学院,广东,深圳,综合类,,http://www.szpt.edu.cn/,,,,
广东松山职业技术学院,广东,韶关,理工类,,http://www.gdsspt.cn/,,,,
佛山职业技术学院,广东,佛山,综合类,,http://www.fspt.net/,,,,
广东女子职业技术学院,广东,广州,综合类,,http://www.gdfs.edu.cn/,,,,
汕尾职业技术学院,广东,汕尾,综合类,,http://www.swvtc.cn/,,,,
河源职业技术学院,广东,河源,综合类,,http://www.hycollege.net/,,,,
广东财经职业学院,广东,广州,财经类,,http://www.gdfi.com.cn/,,,,
黑龙江建筑职业技术学院,黑龙江,哈尔滨,理工类,,http://www.hcc.net.cn/,,,,
大庆职业学院,黑龙江,大庆,综合类,,http://www.dqzyxy.net/,,,,
长春职业技术学院,吉林,长春,理工类,,http://www.cvit.com.cn/,,,,
哈尔滨铁道职业技术学院,黑龙江,哈尔滨,理工类,,http://www.htxy.net/,,,,
北京经贸职业学院,北京,北京,财经类,,http://www.csuedu.com/,,,,
天津滨海职业学院,天津,天津,综合类,,http://www.tjbpi.com/website/,,,,
天津现代职业技术学院,天津,天津,综合类,,http://www.xdxy.com.cn/,,,,
天津渤海职业技术学院,天津,天津,综合类,,http://www.tjbhzy.net.cn/,,,,
天津开发区职业技术学院,天津,天津,综合类,,http://www.tedazj.com/,,,,
河北工业职业技术学院,河北,石家庄,理工类,,http://www.hbcit.edu.cn/hbcitsite/,,,,
邯郸职业技术学院,河北,邯郸,理工类,,http://www.hdvtc.edu.cn/,,,,
沧州职业技术学院,河北,沧州,综合类,,http://www.czvtc.cn/,,,,
天津青年职业学院,天津,天津,语言类,,http://www.tjqnzyxy.cn/,,,,
河北能源职业技术学院,河北,唐山,理工类,,http://www.hbnyxy.cn/,,,,
保定职业技术学院,河北,保定,综合类,,http://www.bvtc.com.cn/,,,,
河北建材职业技术学院,河北,秦皇岛,理工类,,http://www.hbjcxy.com/,,,,
河北政法职业学院,河北,石家庄,政法类,,http://www.helc.edu.cn/,,,,
河北石油职业技术学院,河北,廊坊,理工类,,http://www.pvtc.edu.cn/,,,,
唐山职业技术学院,河北,唐山,医药类,,http://www.tsvtc.com/,,,,
唐山工业职业技术学院,河北,唐山,理工类,,http://www.tsgzy.edu.cn/,,,,
河北交通职业技术学院,河北,石家庄,理工类,,http://www.hejtxy.edu.cn/,,,,
晋城职业技术学院,山西,晋城,综合类,,http://www.sxjczy.cn:88/,,,,
山西交通职业技术学院,山西,太原,理工类,,http://sxjy.sxbys.com.cn/,,,,
石家庄信息工程职业学院,河北,石家庄,综合类,,http://www.sjziei.com/,,,,
山西财贸职业技术学院,山西,太原,财经类,,http://www.sxcmvc.com/,,,,
山西戏剧职业学院,山西,太原,艺术类,,http://www.shanxixjxy.com/,,,,
北京工业职业技术学院,北京,北京,理工类,,http://www.bgy.org.cn/,,,,
北京信息职业技术学院,北京,北京,理工类,,http://www.bitc.edu.cn/cn/,,,,
北京科技经营管理学院,北京,北京,财经类,,http://www.bjjsy1985.cn/,,,,
北京农业职业学院,北京,北京,农林类,,http://www.bvca.edu.cn/,,,,
长春医学高等专科学校,吉林,长春,医药类,,http://www.cmcedu.com/,,,,
桂林师范高等专科学校,广西,桂林,师范类,,http://www.glnc.edu.cn/index1.php,,,,
西安电力高等专科学校,陕西,西安,理工类,,http://www.xaepi.edu.cn/,,,,
民办四川天一学院,四川,成都,财经类,,http://www.tianyi.edu.cn/,,,,
安徽中医药高等专科学校,安徽,芜湖,医药类,,http://www.ahzyygz.com/,,,,
亳州师范高等专科学校,安徽,亳州,师范类,,http://www.bznc.net.cn/,,,,
抚顺职业技术学院,辽宁,抚顺,综合类,,http://www.fvti.com/,,,,
阜新高等专科学校,辽宁,阜新,综合类,,http://www.fxgz.com.cn/,,,,
沙洲职业工学院,江苏,张家港,理工类,,http://www.szit.edu.cn/,,,,
辽宁交通高等专科学校,辽宁,沈阳,理工类,,http://www.lncc.edu.cn/,,,,
九江职业大学,江西,九江,综合类,,http://www.jjvu.jx.cn/templet/default/,,,,
乌鲁木齐职业大学,新疆,乌鲁木齐,理工类,,http://www.uvu.edu.cn/index.htm,,,,
承德石油高等专科学校,河北,承德,理工类,,http://www.cdpc.edu.cn/,,,,
抚顺师范高等专科学校,辽宁,抚顺,师范类,,http://gaokao.cnks.net/college/college/1121/,,,,
铁岭师范高等专科学校,辽宁,铁岭,师范类,,http://www.tlsz.com.cn/,,,,
和田师范专科学校,新疆,和田,师范类,,http://www.htszedu.cn/,,,,
北京青年政治学院,北京,北京,语言类,,http://www.bjypc.edu.cn/,,,,
汕头职业技术学院,广东,汕头,综合类,,http://www.stpt.edu.cn,,,,
清远职业技术学院,广东,清远,综合类,,http://www.qypt.com.cn/,,,,
广西职业技术学院,广西,南宁,农林类,,http://www.gxzjy.com/,,,,
南宁职业技术学院,广西,南宁,综合类,,http://www.ncvt.net/,,,,
广西建设职业技术学院,广西,南宁,理工类,,http://www.gxjsxy.cn/,,,,
黄河水利职业技术学院,河南,开封,理工类,,http://www.yrcti.edu.cn/,,,,
郑州铁路职业技术学院,河南,郑州,理工类,,http://www.zzrvtc.edu.cn/,,,,
商丘职业技术学院,河南,商丘,财经类,,http://www.sqzy.com.cn/,,,,
河南工业职业技术学院,河南,南阳,理工类,,http://www.hnpi.cn/,,,,
武汉职业技术学院,湖北,武汉,理工类,,http://www.wtc.edu.cn/,,,,
武汉船舶职业技术学院,湖北,武汉,理工类,,http://www.wspc.edu.cn/index.jsp,,,,
恩施职业技术学院,湖北,恩施,理工类,,http://www.eszy.edu.cn/,,,,
仙桃职业学院,湖北,仙桃,理工类,,http://www.hbxtzy.com/,,,,
荆州职业技术学院,湖北,荆州,理工类,,http://www.jzit.net.cn/,,,,
武汉航海职业技术学院,湖北,武汉,综合类,,http://www.whhhxy.com/,,,,
永州职业技术学院,湖南,永州,综合类,,http://www.hnyzzy.com/,,,,
湘潭职业技术学院,湖南,湘潭,综合类,,http://www.xtzy.com/,,,,
湖南商务职业技术学院,湖南,长沙,财经类,,http://www.hnswxy.com/,,,,
郴州职业技术学院,湖南,郴州,综合类,,http://www.czzy-edu.com/,,,,
九江职业技术学院,江西,九江,综合类,,http://www.jvtc.jx.cn/,,,,
江西司法警官职业学院,江西,南昌,政法类,,http://www.jxsfjy.cn/,,,,
江西环境工程职业学院,江西,赣州,林业类,,http://www.jxhjxy.com/,,,,
江西交通职业技术学院,江西,南昌,理工类,,http://www.jxjtxy.com,,,,
江西艺术职业学院,江西,南昌,艺术类,,http://www.jxysedu.com/,,,,
江西应用技术职业学院,江西,赣州,理工类,,http://www.jxyyxy.com/xy/,,,,
江西现代职业技术学院,江西,南昌,理工类,,http://www.jxxdxy.com/,,,,
日照职业技术学院,山东,日照,综合类,,http://www.rzpt.cn/,,,,
曲阜远东职业技术学院,山东,曲阜,综合类,,http://www.fareast-edu.net/,,,,
滨州职业学院,山东,滨州,综合类,,http://www.bzpt.edu.cn,,,,
威海职业学院,山东,威海,综合类,,http://www.weihaicollege.com,,,,
东营职业学院,山东,东营,综合类,,http://www.dyxy.net/,,,,
山东服装职业学院,山东,泰安,综合类,,http://www.sdfzxy.com/,,,,
山东畜牧兽医职业学院,山东,潍坊,农林类,,http://www.sdmyxy.cn/,,,,
山东交通职业学院,山东,潍坊,理工类,,http://www.sdjtzyxy.com/,,,,
河南职业技术学院,河南,郑州,理工类,,http://www.hnzj.edu.cn/,,,,
台州职业技术学院,浙江,台州,综合类,,http://www.tzvtc.com/,,,,
浙江工业职业技术学院,浙江,绍兴,综合类,,http://www.zjipc.com/index.asp,,,,
浙江金融职业学院,浙江,杭州,财经类,,http://www.zfc.edu.cn/,,,,
嘉兴职业技术学院,浙江,嘉兴,综合类,,http://www.jxvtc.net/,,,,
丽水职业技术学院,浙江,丽水,综合类,,http://www.lszjy.com/,,,,
芜湖职业技术学院,安徽,芜湖,理工类,,http://www.whptu.ah.cn/site/default/,,,,
安徽交通职业技术学院,安徽,合肥,理工类,,http://www.ahctc.com/,,,,
福州英华职业学院,福建,福州,语言类,,http://www.fzacc.com/,,,,
民办明达职业技术学院,江苏,盐城,理工类,,http://www.mdut.cn/,,,,
南通航运职业技术学院,江苏,南通,理工类,,http://www.ntsc.edu.cn/,,,,
淮安信息职业技术学院,江苏,淮安,理工类,,http://210.29.224.22/hx2010/index.html,,,,
宿迁职业技术学院,江苏,宿迁,理工类,,http://www.cjsiu.com/,,,,
南京信息职业技术学院,江苏,南京,理工类,,http://www.njcit.cn/,,,,
常州机电职业技术学院,江苏,常州,理工类,,http://www.czmec.cn/,,,,
江苏农林职业技术学院,江苏,句容,农林类,,http://www.jsafc.net/,,,,
浙江交通职业技术学院,浙江,杭州,理工类,,http://www.zjvtit.edu.cn/ksexport/1039/_index.jsp,,,,
山西机电职业技术学院,山西,长治,理工类,,http://www.sxjdxy.org/,,,,
临汾职业技术学院,山西,临汾,综合类,,http://lfvtc.sxbys.com.cn/,,,,
内蒙古警察职业学院,内蒙古,呼和浩特,政法类,,http://www.imppc.cn/,,,,
内蒙古体育职业学院,内蒙古,呼和浩特,体育类,,http://www.nmtyxy.com/index.php,,,,
包头轻工职业技术学院,内蒙古,古包头,理工类,,http://www.btqy.com.cn/,,,,
呼和浩特职业学院,内蒙古,呼和浩特,综合类,,http://www.hhvc.net.cn,,,,
山西煤炭职业技术学院,山西,太原,理工类,,http://www.sxmtxy.com.cn/,,,,
包头职业技术学院,内蒙古,古包头,理工类,,http://www.btzyjsxy.cn,,,,
大连商务职业学院,辽宁,大连,财经类,,http://www.dbiedu.com/,,,,
辽阳职业技术学院,辽宁,辽阳,综合类,,http://www.419.com.cn/,,,,
辽宁经济职业技术学院,辽宁,沈阳,财经类,,http://www.lnemci.com/,,,,
沈阳职业技术学院,辽宁,沈阳,综合类,,http://www.vtcsy.com/,,,,
吉林交通职业技术学院,吉林,长春,理工类,,http://www.jjtc.com.cn/,,,,
吉林工业职业技术学院,吉林,吉林,理工类,,http://www.jvcit.edu.cn/,,,,
福建警官职业学院,福建,福州,政法类,,http://www.fjjgxy.com,,,,
河南信息统计职业学院,河南,郑州,综合类,,http://www.zhxtxy.cn/,,,,
山东胜利职业学院,山东,东营,理工类,,http://www.sdslvc.com,,,,
山东文化产业职业学院,山东,蓬莱,综合类,,http://www.sdcivc.com/,,,,
河南水利与环境职业学院,河南,郑州,综合类,,http://www.zzslxx.com/,,,,
河南林业职业学院,河南,洛阳,农林类,,http://www.hnfjc.cn/,,,,
河南医学高等专科学校,河南,郑州,医药类,,http://www.hamc.edu.cn/,,,,
洛阳科技职业学院,河南,洛阳,综合类,,http://www.lykjxy.cn/,,,,
广东信息工程职业学院,广东,肇庆,理工类,,http://www.xxgcxy.cn/,,,,
重庆文化艺术职业学院,重庆,重庆,艺术类,,http://www.cqyixiao.com/,,,,
重庆服装工程职业学院,重庆,重庆,综合类,,http://www.cqfzgc.com/index.asp,,,,
嘉兴南洋职业技术学院,浙江,嘉兴,综合类,,http://www.jxnyc.net/,,,,
江西经济管理干部学院,江西,南昌,综合类,,http://www.jiea.cn/,,,,
南京科技职业学院,江苏,南京,理工类,,http://www.njcc.edu.cn/,,,,
南通科技职业学院,江苏,南通,农林类,,http://www.ntac.edu.cn/,,,,
重庆艺术工程职业学院,重庆,重庆,艺术类,,http://www.cqysxy.com/,,,,
重庆航天职业技术学院,重庆,重庆,理工类,,http://www.cqepc.cn/index/,,,,
黔西南民族职业技术学院,贵州,兴义,综合类,,http://www.qxnzy.net/,,,,
黔东南民族职业技术学院,贵州,凯里,综合类,,http://www.qdnpt.com/,,,,
黑龙江艺术职业学院,黑龙江,哈尔滨,艺术类,,http://www.hljyzy.com,,,,
黑龙江粮食职业学院,黑龙江,哈尔滨,理工类,,http://www.hljgvc.com/,,,,
黑龙江生物科技职业学院,黑龙江,哈尔滨,综合类,,http://www.swkj.net/,,,,
黑龙江煤炭职业技术学院,黑龙江,双鸭山,理工类,,http://www.hmzy.cn/,,,,
黑龙江民族职业学院,黑龙江,哈尔滨,民族类,,http://www.mvcollege.com/,,,,
黑龙江林业职业技术学院,黑龙江,牡丹江,林业类,,http://www.hljlzy.com/,,,,
黑龙江旅游职业技术学院,黑龙江,哈尔滨,财经类,,http://www.ljly.net/,,,,
黑龙江商业职业学院,黑龙江,牡丹江,财经类,,http://www.hljszy.net/,,,,
黑龙江司法警官职业学院,黑龙江,哈尔滨,政法类,,http://www.hljsfjy.com/,,,,
黑龙江农垦职业学院,黑龙江,哈尔滨,综合类,,http://www.nkzy.com/,,,,
黑龙江农垦科技职业学院,黑龙江,哈尔滨,农林类,,http://www.nkkjxy.com/,,,,
黑龙江农业职业技术学院,黑龙江,佳木斯,农林类,,http://www.hljnzy.net/,,,,
黑龙江农业经济职业学院,黑龙江,牡丹江,农林类,,http://www.nyjj.net.cn/2009/main/,,,,
黑龙江农业工程职业学院,黑龙江,哈尔滨,农林类,,http://www.hngzy.com/,,,,
黑龙江公安警官职业学院,黑龙江,哈尔滨,政法类,,http://www.hlpolice.com/,,,,
黑龙江信息技术职业学院,黑龙江,哈尔滨,理工类,,http://www.hljitpc.com/,,,,
黑龙江交通职业技术学院,黑龙江,齐齐哈尔,理工类,,http://www.hlcp.com.cn/,,,,
黑龙江三江美术职业学院,黑龙江,佳木斯,艺术类,,http://www.sjmsxy.net.cn/,,,,
黎明职业大学,福建,泉州,综合类,,http://www.lmu.edu.cn/,,,,
黄山职业技术学院,安徽,黄山,理工类,,http://www.hszyxy.com/,,,,
黄冈职业技术学院,湖北,黄冈,理工类,,http://www.hgpu.edu.cn/,,,,
黄冈科技职业学院,湖北,黄冈,理工类,,http://www.hbhgkj.com/,,,,
鹰潭职业技术学院,江西,鹰潭,综合类,,http://www.jxytxy.com.cn/,,,,
鹤岗师范高等专科学校,黑龙江,鹤岗,师范类,,http://www.hgtc.org.cn/,,,,
鹤壁职业技术学院,河南,鹤壁,理工类,,http://w3.hbzy.edu.cn/,,,,
鹤壁汽车工程职业学院,河南,鹤壁,理工类,,http://www.hbqcxy.com/,,,,
驻马店职业技术学院,河南,驻马店,理工类,,http://www.zmdvtc.cn/,,,,
马鞍山职业技术学院,安徽,马鞍山,理工类,,http://www.mastc.edu.cn/,,,,
马鞍山师范高等专科学校,安徽,马鞍山,师范类,,http://www.massz.cn/,,,,
顺德职业技术学院,广东,佛山,综合类,,http://www.sdpt.com.cn/,,,,
青海警官职业学院,青海,西宁,政法类,,http://www.qhjyedu.com/structure/,,,,
青海建筑职业技术学院,青海,西宁,理工类,,http://www.qhnews.com/bdt/jt/jzxy/,,,,
青海卫生职业技术学院,青海,西宁,医药类,,http://www.qhwszy.edu.cn/,,,,
青海交通职业技术学院,青海,西宁,理工类,,http://www.qhctc.edu.cn/,,,,
青岛飞洋职业技术学院,山东,青岛,综合类,,http://www.feiyangcollege.com/,,,,
青岛远洋船员职业学院,山东,青岛,理工类,,http://www.coscoqmc.com.cn/,,,,
青岛职业技术学院,山东,青岛,综合类,,http://www.qtc.edu.cn/,,,,
青岛港湾职业技术学院,山东,青岛,理工类,,http://www.qdgw.com/,,,,
青岛求实职业技术学院,山东,青岛,综合类,,http://www.qdqs.com/,,,,
雅安职业技术学院,四川,雅安,综合类,,http://www.yazjy.com/,,,,
随州职业技术学院,湖北,随州,理工类,,http://www.szvtc.cn/,,,,
陕西青年职业学院,陕西,西安,财经类,,http://www.sxqzy.com/,,,,
陕西邮电职业技术学院,陕西,咸阳,理工类,,http://www.sptc.sn.cn/,,,,
陕西警官职业学院,陕西,西安,政法类,,http://www.sxjgxy.edu.cn/www/index.asp,,,,
陕西航空职业技术学院,陕西,汉中,理工类,,http://www.sxhkxy.com/,,,,
陕西能源职业技术学院,陕西,咸阳,理工类,,http://www.sxny.cn/,,,,
陕西职业技术学院,陕西,西安,财经类,,http://www.spvec.com.cn/,,,,
陕西工运学院,陕西,西安,理工类,,http://www.sxgyxy.com/,,,,
阿拉善职业技术学院,内蒙古,古阿拉善盟,理工类,,http://61.138.121.1/index.html,,,,
阳江职业技术学院,广东,阳江,综合类,,http://www.yjcollege.net/,,,,
阜阳职业技术学院,安徽,阜阳,理工类,,http://www.fyzy.net/,,,,
阜阳科技职业学院,安徽,阜阳,理工类,,http://www.fky.net.cn/,,,,
黑龙江生态工程职业学院,黑龙江,哈尔滨,林业类,,http://www.hfmc.net/,,,,
黑龙江职业学院,黑龙江,哈尔滨,综合类,,http://www.hljp.edu.cn/,,,,
闽西职业技术学院,福建,龙岩,综合类,,http://www.mxdx.net/,,,,
闽北职业技术学院,福建,建阳,综合类,,http://www.mbu.cn/,,,,
长白山职业技术学院,吉林,白山,理工类,,http://www.cbsvtc.com.cn/,,,,
长治职业技术学院,山西,长治,理工类,,http://www.czzy.cn/czzy/index.asp,,,,
长沙航空职业技术学院,湖南,长沙田心桥,理工类,,http://www.cavtc.cn/,,,,
长沙电力职业技术学院,湖南,长沙,理工类,,http://www.cseptc.hn.sgcc.com.cn/templet/default/,,,,
长沙民政职业技术学院,湖南,长沙,语言类,,http://www.csmzxy.com/,,,,
长沙卫生职业学院,湖南,长沙,医药类,,http://www.hncswx.com/,,,,
长沙南方职业学院,湖南,长沙,综合类,,http://www.nfdx.net/,,,,
长江职业学院,湖北,武汉,理工类,,http://www.cjxy.edu.cn/,,,,
长江工程职业技术学院,湖北,武汉,理工类,,http://www.cj-edu.com.cn/,,,,
长春金融高等专科学校,吉林,长春,财经类,,http://www.cjgz.edu.cn/,,,,
长春信息技术职业学院,吉林,长春,理工类,,http://6318.cn/org/default-4829.htm,,,,
长春东方职业学院,吉林,长春,综合类,,http://www.dfzyxy.edu.cn/,,,,
长垣烹饪职业技术学院,河南,新乡,理工类,,http://www.cyprxy.com/,,,,
镇江高等专科学校,江苏,镇江,理工类,,http://www.zjc.edu.cn/,,,,
锦州师范高等专科学校,辽宁,锦州,师范类,,http://www.jzsz.com.cn/,,,,
铜陵职业技术学院,安徽,铜陵,理工类,,http://www.tlpt.net.cn/main/index.asp,,,,
铜川职业技术学院,陕西,铜川,师范类,,http://www.tczyxy.net/,,,,
铜仁职业技术学院,贵州,铜仁,综合类,,http://www.trzy.cn/,,,,
铁岭卫生职业学院,辽宁,铁岭,医药类,,http://www.lntlhc.com/,,,,
钟山职业技术学院,江苏,南京,理工类,,http://www.zscollege.com/index.asp,,,,
金肯职业技术学院,江苏,南京,理工类,,http://www.jseea.cn/schoolinformation/jinkenxueyuan.html,,,,
金山职业技术学院,江苏,镇江,理工类,,http://www.jinshan-cn.com/,,,,
金华职业技术学院,浙江,金华,综合类,,http://www.jhc.cn/index.asp,,,,
重庆轻工职业学院,重庆,重庆,理工类,,http://www.cqivc.com/,,,,
重庆能源职业学院,重庆,重庆,理工类,,http://www.cqny.net/,,,,
重庆经贸职业学院,重庆,重庆,财经类,,http://cqvcet.com/,,,,
重庆科创职业学院,重庆,重庆,综合类,,http://www.cqie.cn,,,,
重庆电讯职业学院,重庆,重庆,综合类,,http://bmw021187.chinaw3.com/Default.asp,,,,
重庆电力高等专科学校,重庆,重庆,理工类,,http://www.cqepc.com.cn/,,,,
重庆电信职业学院,重庆,重庆,理工类,,http://www.cqtcedu.com/Index.html,,,,
重庆海联职业技术学院,重庆,重庆,综合类,,http://www.cqhl.net.cn/,,,,
重庆应用技术职业学院,重庆,重庆,财经类,,http://www.cqms.edu.cn/,,,,
重庆机电职业技术学院,重庆,重庆,理工类,,http://www.cqevi.net.cn/,,,,
重庆房地产职业学院,重庆,重庆,综合类,,http://cqbyxy.com/,,,,
重庆工程职业技术学院,重庆,重庆,理工类,,http://www.cqvie.edu.cn/,,,,
重庆工业职业技术学院,重庆,重庆,理工类,,http://www.cqipc.net/,,,,
重庆城市职业学院,重庆,重庆,综合类,,http://www.cqcvc.com.cn/,,,,
重庆城市管理职业学院,重庆,重庆,综合类,,http://www.cswu.cn/,,,,
重庆商务职业学院,重庆,重庆,财经类,,http://www.cqswxy.cn/index.php,,,,
重庆化工职业学院,重庆,重庆,理工类,,http://www.cqhgzy.com/,,,,
重庆公共运输职业学院,重庆,重庆,理工类,,http://cqgg.tonsust.com/?from=cqgyzy.com,,,,
重庆信息技术职业学院,重庆,重庆,理工类,,http://www.cqeec.com/,,,,
重庆传媒职业学院,重庆,重庆,综合类,,http://cqcmxy.com:81/,,,,
重庆交通职业学院,重庆,重庆,理工类,,http://www.cqjky.com/,,,,
重庆三峡职业学院,重庆,重庆,综合类,,http://www.cqsxedu.com/zb/,,,,
酒泉职业技术学院,甘肃,酒泉,理工类,,http://www.jqzy.com/,,,,
鄂州职业大学,湖北,鄂州,理工类,,http://www.ezu.net.cn/,,,,
鄂尔多斯职业学院,内蒙古,古鄂尔多斯,理工类,,http://www.ordosvc.cn/,,,,
郧阳师范高等专科学校,湖北,丹江口,师范类,,http://www.yytc.net.cn/,,,,
郑州黄河护理职业学院,河南,郑州,艺术类,,http://www.zyrnvc.com/,,,,
郑州职业技术学院,河南,郑州,理工类,,http://www.zzyedu.cn/,,,,
郑州电力高等专科学校,河南,郑州,理工类,,http://www.zepc.edu.cn/,,,,
郑州电力职业技术学院,河南,郑州,理工类,,http://www.zzdl.com/,,,,
郑州理工职业学院,河南,郑州,理工类,,http://www.zzlgxy.net/,,,,
郑州旅游职业学院,河南,郑州,财经类,,http://www.zztrc.edu.cn/,,,,
郑州工业安全职业学院,河南,郑州,理工类,,http://www.zazy.cn/,,,,
郑州城市职业学院,河南,郑州,理工类,,http://www.zcu.edu.cn/brendaWeb/Default.aspx,,,,
郑州商贸旅游职业学院,河南,郑州,财经类,,http://www.zzvcct.edu.cn/,,,,
郑州信息科技职业学院,河南,郑州,理工类,,http://www.techcollege.cn/zsxy.aspx,,,,
郑州信息工程职业学院,河南,郑州,理工类,,http://www.dfxx.com.cn/,,,,
邵阳职业技术学院,湖南,邵阳,综合类,,http://www.syzyedu.com/,,,,
邵阳医学高等专科学校,湖南,邵阳,医药类,,http://www.hnsyyz.cn/,,,,
邢台职业技术学院,河北,邢台,理工类,,http://www.xpc.edu.cn/,,,,
邢台医学高等专科学校,河北,邢台,医药类,,http://www.xtmc.net/,,,,
遵义医药高等专科学校,贵州,遵义,医药类,,http://www.zunyiyizhuan.com/,,,,
连云港职业技术学院,江苏,连云港,理工类,,http://www.lygtc.net.cn/,,,,
连云港师范高等专科学校,江苏,连云港,师范类,,http://www.lygsf.cn/,,,,
运城护理职业学院,山西,运城,理工类,,http://www.ychlxy.com/,,,,
达州职业技术学院,四川,达州,综合类,,http://www.dzvtc.com/,,,,
辽源职业技术学院,吉林,辽源,理工类,,http://www.lyvtc.cn/,,,,
辽河石油职业技术学院,辽宁,盘锦,理工类,,http://baike.baidu.com/view/850665.htm?fr=aladdin,,,,
辽宁铁道职业技术学院,辽宁,锦州,理工类,,http://www.lntzy.com/,,,,
辽宁金融职业学院,辽宁,沈阳,财经类,,http://www.lnfvc.cn,,,,
辽宁职业学院,辽宁,铁岭,农林类,,http://www.lnvc.cn/,,,,
辽宁石化职业技术学院,辽宁,锦州,理工类,,http://www.lnpc.edu.cn/,,,,
辽宁理工职业学院,辽宁,锦州,财经类,,http://www.lndhdx.com/,,,,
辽宁林业职业技术学院,辽宁,沈阳,林业类,,http://www.lnlzy.cn/,,,,
辽宁机电职业技术学院,辽宁,丹东,理工类,,http://www.lnmec.net.cn/,,,,
辽宁广告职业学院,辽宁,沈阳,艺术类,,http://www.ggxy.com/,,,,
辽宁工程职业学院,辽宁,铁岭,理工类,,http://www.lngczyxy.com/,,,,
辽宁地质工程职业学院,辽宁,丹东,理工类,,http://www.lndzxy.com/,,,,
辽宁商贸职业学院,辽宁,沈阳,财经类,,http://www.lnsmzy.edu.cn/,,,,
辽宁医药职业学院,辽宁,沈阳,医药类,,http://www.lnyyzyxy.com/,,,,
辽宁冶金职业技术学院,辽宁,本溪,理工类,,http://www.lnyj.net/,,,,
辽宁农业职业技术学院,辽宁,营口,农林类,,http://www.lnnzy.ln.cn,,,,
赤峰职业技术学院,内蒙古,古赤峰,综合类,,http://www.cfzyjsxy.com/,,,,
赤峰工业职业技术学院,内蒙古,古赤峰,理工类,,http://222.74.246.51/,,,,
赣西科技职业学院,江西,新余,综合类,,http://www.ganxidx.com,,,,
贵阳职业技术学院,贵州,贵阳,综合类,,http://www.gyvtc.cn/default.html,,,,
贵阳护理职业学院,贵州,贵阳,医药类,,http://www.gynvc.edu.cn/,,,,
贵州轻工职业技术学院,贵州,贵阳,理工类,,http://www.gzqy.cn/bencandy.php?fid=338&id=659,,,,
贵州警官职业学院,贵州,贵阳,政法类,,http://www.gzjgxy.cn/,,,,
贵州航天职业技术学院,贵州,遵义,理工类,,http://www.gzhtzy.com/web/index.asp,,,,
贵州职业技术学院,贵州,贵阳,综合类,,http://www.gzvti.com/,,,,
贵州电力职业技术学院,贵州,贵阳,理工类,,http://zsjy.csgedu.com/,,,,
贵州工业职业技术学院,贵州,贵阳,理工类,,http://www.gzky.edu.cn/,,,,
贵州交通职业技术学院,贵州,贵阳,理工类,,http://zsjy.gzjtzy.net/,,,,
贵州城市职业学院,贵州,贵阳,综合类,,http://www.gzytvc.cn/,,,,
许昌陶瓷职业学院,河南,禹州,理工类,,http://www.xccvc.com/,,,,
许昌职业技术学院,河南,许昌,理工类,,http://www.xcitc.edu.cn/xzy/index.asp,,,,
许昌电气职业学院,河南,许昌,理工类,,http://www.xcevc.cn/,,,,
西藏警官高等专科学校,西藏,拉萨,政法类,,http://baike.baidu.com/view/346698.htm,,,,
西藏职业技术学院,西藏,拉萨,综合类,,http://www.xzgzy.cn/,,,,
西安高新科技职业学院,陕西,西安,理工类,,http://www.xhtu.com.cn  ,,,,
西安铁路职业技术学院,陕西,西安,理工类,,http://www.xatzy.cn/,,,,
西安职业技术学院,陕西,西安,综合类,,http://www.xzyedu.com.cn/,,,,
西安海棠职业学院,陕西,西安,综合类,,http://www.xahtxy.cn/,,,,
西安汽车科技职业学院,陕西,西安,理工类,,http://atc168.com/,,,,
西安城市建设职业学院,陕西,西安,理工类,,http://www.xacsjsedu.com/,,,,
西安医学高等专科学校,陕西,西安,医药类,,http://www.xagdyz.com/,,,,
西双版纳职业技术学院,云南,西双版纳,综合类,,http://www.xsbnzy.com/,,,,
衢州职业技术学院,浙江,衢州,理工类,,http://www.qzct.net/,,,,
衡水职业技术学院,河北,衡水,理工类,,http://www.hsvtc.cn,,,,
蚌埠经济技术职业学院,安徽,蚌埠,财经类,,http://www.bjy.ah.cn/,,,,
营口职业技术学院,辽宁,营口,综合类,,http://www.ykdx.net/,,,,
菏泽医学专科学校,山东,菏泽,医药类,,http://www.hzmc.edu.cn/,,,,
莱芜职业技术学院,山东,莱芜,综合类,,http://www.lwvc.net/,,,,
荆州教育学院,湖北,荆州,师范类,,http://www.jz100.net/,,,,
茂名职业技术学院,广东,茂名,综合类,,http://www.mmvtc.cn/templet/default/index.jsp,,,,
苏州职业大学,江苏,苏州,理工类,,http://www.jssvc.edu.cn/,,,,
苏州经贸职业技术学院,江苏,苏州,财经类,,http://www.szjm.edu.cn/site/szjm/,,,,
苏州卫生职业技术学院,江苏,苏州,医药类,,http://www.szmtc.com/,,,,
苏州农业职业技术学院,江苏,苏州,农林类,,http://www.szai.edu.cn/,,,,
苏州信息职业技术学院,江苏,苏州,理工类,,http://www.szitu.cn/,,,,
广东工商职业学院,广东,肇庆,财经类,,http://www.zqtbu.com/,,,,
肇庆医学高等专科学校,广东,肇庆,医药类,,http://www.zqmc.net/,,,,
聊城职业技术学院,山东,聊城,综合类,,http://www.lctvu.sd.cn/,,,,
罗定职业技术学院,广东,罗定,综合类,,http://www.ldpoly.com/,,,,
绵阳职业技术学院,四川,绵阳,综合类,,http://www.myvtc.edu.cn/,,,,
绍兴职业技术学院,浙江,绍兴,理工类,,http://www.sxvtc.com/,,,,
秦皇岛职业技术学院,河北,秦皇岛,理工类,,http://www.qhdvtc.com/,,,,
科尔沁艺术职业学院,内蒙古,古通辽,艺术类,,http://www.keqysxy.com.cn/web/tlysxy/index.html,,,,
私立华联学院,广东,广州,综合类,,http://www.hlu.edu.cn/,,,,
福建艺术职业学院,福建,福州,艺术类,,http://www.fjyszyxy.com/,,,,
福建电力职业技术学院,福建,泉州,理工类,,http://www.fjdy.net/,,,,
福建林业职业技术学院,福建,南平,林业类,,http://fjlzy.com/,,,,
福建商业高等专科学校,福建,福州,财经类,,http://www.fjcc.edu.cn/,,,,
福建卫生职业技术学院,福建,福州,医药类,,http://www.fjwx.com.cn/,,,,
福建华南女子职业学院,福建,福州,财经类,,http://www.hnwomen.com.cn/,,,,
福建农业职业技术学院,福建,福州,农林类,,http://www.fjny.com/,,,,
福建信息职业技术学院,福建,福州,理工类,,http://www.fjpit.cn/,,,,
福建体育职业技术学院,福建,福州,体育类,,http://www.fjipe.cn/html/index.html,,,,
福州黎明职业技术学院,福建,福州,财经类,,http://www.fzlmxy.cn/,,,,
福州软件职业技术学院,福建,福州,综合类,,http://www.fzrjxy.com/,,,,
福州职业技术学院,福建,福州,综合类,,http://www.fvti.cn/,,,,
硅湖职业技术学院,江苏,昆山,理工类,,http://www.usl.edu.cn/,,,,
石家庄铁路职业技术学院,河北,石家庄,理工类,,http://www.sirt.edu.cn/,,,,
石家庄邮电职业技术学院,河北,石家庄,理工类,,http://www.sjzpc.edu.cn/sjzyd/,,,,
石家庄财经职业学院,河北,石家庄,财经类,,http://www.sjzcj.edu.cn/,,,,
河南艺术职业学院,河南,郑州,艺术类,,http://www.hnyszyxy.net/,,,,
河南经贸职业学院,河南,郑州,财经类,,http://www.hnjmxy.cn/,,,,
河南检察职业学院,河南,郑州,政法类,,http://www1.hnjc.org/,,,,
河南机电高等专科学校,河南,新乡,理工类,,http://www.hneeu.edu.cn/,,,,
河南机电职业学院,河南,郑州,理工类,,http://www.hnjd.edu.cn/,,,,
河南推拿职业学院,河南,洛阳,医药类,,http://www.hnzjschool.com/Index.html,,,,
河南护理职业学院,河南,安阳,医药类,,http://www.hncedu.cn/,,,,
河南建筑职业技术学院,河南,郑州,理工类,,http://www.hnjs.com.cn/,,,,
河南工业贸易职业学院,河南,郑州,财经类,,http://www.hngm.cn/,,,,
河南司法警官职业学院,河南,郑州,政法类,,http://www.hnsfjg.com/index.html,,,,
河南化工职业学院,河南,郑州,理工类,,http://www.haict.edu.cn/,,,,
河南交通职业技术学院,河南,郑州,理工类,,http://www.hncc.edu.cn/,,,,
石家庄职业技术学院,河北,石家庄,综合类,,http://www.sjzpt.edu.cn/,,,,
石家庄经济职业学院,河北,石家庄,军事类,,http://www.sjzjjxy.net/Index.html,,,,
石家庄科技工程职业学院,河北,石家庄,综合类,,http://www.sjzkg.edu.cn/,,,,
石家庄科技信息职业学院,河北,石家庄,理工类,,http://www.kjxinxiedu.com/index.php,,,,
石家庄理工职业学院,河北,石家庄,理工类,,http://www.ltc789.com/,,,,
石家庄工程职业学院,河北,石家庄,理工类,,http://www.sjzcvc.com/,,,,
石家庄工商职业学院,河北,石家庄,财经类,,http://www.sjzgsxy.com/,,,,
石家庄医学高等专科学校,河北,石家庄,医药类,,http://www.sjzmc.cn/,,,,
黔南民族职业技术学院,贵州,都匀,综合类,,http://www.qnzy.net/,,,,
眉山职业技术学院,四川,眉山,综合类,,http://www.msvtc.net/,,,,
盘锦职业技术学院,辽宁,盘锦,综合类,,http://www.pjzy.net.cn/,,,,
盐城工业职业技术学院,江苏,盐城,理工类,,http://www.jseea.cn/schoolinformation/yanchengfangzhi.html,,,,
盐城卫生职业技术学院,江苏,盐城,医药类,,http://www.ycmc.edu.cn/,,,,
益阳职业技术学院,湖南,益阳,综合类,,http://www.yyvtc.cn/,,,,
益阳医学高等专科学校,湖南,益阳,医药类,,http://www.hnyyyz.com/,,,,
皖西卫生职业学院,安徽,六安,医药类,,http://www.wxwsxy.cn/,,,,
百色职业学院,广西,百色,理工类,,http://www.bszyxy.com/,,,,
白城职业技术学院,吉林,白城,理工类,,http://www.bcvit.cn,,,,
白城医学高等专科学校,吉林,白城,医药类,,http://www.bcyz.cn/,,,,
齐齐哈尔理工职业学院,黑龙江,齐齐哈尔,综合类,,http://www.qlgxy.com/,,,,
甘肃钢铁职业技术学院,甘肃,嘉峪关,理工类,,http://www.ggzy.edu.cn/,,,,
甘肃林业职业技术学院,甘肃,天水,林业类,,http://www.gsfc.edu.cn/,,,,
甘肃建筑职业技术学院,甘肃,兰州,理工类,,http://www.gcvtc.gsedu.cn/,,,,
甘肃农业职业技术学院,甘肃,兰州,农林类,,http://www.gnzy.gssedu.cn/,,,,
甘肃交通职业技术学院,甘肃,兰州,理工类,,http://www.gsjtxy.edu.cn/,,,,
琼台师范高等专科学校,海南,海口,师范类,,http://www.qttc.edu.cn/,,,,
珠海艺术职业学院,广东,珠海,艺术类,,http://www.zhac.net/,,,,
珠海城市职业技术学院,广东,珠海,综合类,,http://www.zhcpt.edu.cn/,,,,
玉溪农业职业技术学院,云南,玉溪,农林类,,http://www.yxnzy.net/,,,,
牡丹江大学,黑龙江,牡丹江,综合类,,http://www.mdjdx.cn/mdnew/,,,,
焦作师范高等专科学校,河南,焦作,师范类,,http://www.jzsz.cn/,,,,
焦作工贸职业学院,河南,焦作,理工类,,http://www.jzgmxy.com/,,,,
焦作大学,河南,焦作,综合类,,http://www.jzu.edu.cn/,,,,
烟台职业学院,山东,烟台,综合类,,http://www.ytvc.com.cn,,,,
烟台汽车工程职业学院,山东,烟台,理工类,,http://www.ytqcvc.cn/,,,,
烟台工程职业技术学院,山东,烟台,理工类,,http://www.ytetc.edu.cn/,,,,
河北旅游职业学院,河北,承德,综合类,,http://www.cdtvc.com/,,,,
炎黄职业技术学院,江苏,淮安,理工类,,http://www.yhust.edu.cn/,,,,
濮阳职业技术学院,河南,濮阳,理工类,,http://www.pyvtc.cn/,,,,
潮汕职业技术学院,广东,普宁,综合类,,http://www.chaoshan.cn/,,,,
潞安职业技术学院,山西,长治,理工类,,http://sxlazy.cen114.com/,,,,
潍坊职业学院,山东,潍坊,综合类,,http://www.sdwfvc.com,,,,
潍坊工程职业学院,山东,青州,理工类,,http://www.wfec.cn/,,,,
潍坊工商职业学院,山东,诸城,综合类,,http://www.wfgsxy.com/,,,,
漳州职业技术学院,福建,漳州,理工类,,http://www.fjzzy.org/,,,,
漳州科技职业学院,福建,漳州,艺术类,,http://www.tftc.edu.cn/,,,,
漳州理工职业学院,福建,漳州,理工类,,http://www.zzlg.org/,,,,
漳州城市职业学院,福建,漳州,综合类,,http://www.zcvc.cn/,,,,
漳州卫生职业学院,福建,漳州,医药类,,http://www.zzyhxy.com/,,,,
漯河职业技术学院,河南,漯河,理工类,,http://www.lhvtc.edu.cn,,,,
漯河医学高等专科学校,河南,漯河,医药类,,http://www.lhmc.edu.cn/,,,,
滁州职业技术学院,安徽,滁州,理工类,,http://www.czc.net.cn/,,,,
湘西民族职业技术学院,湖南,吉首,民族类,,http://www.xxmzy.com/,,,,
河北地质职工大学,河北,石家庄,理工类,,http://www.dkyaolan.com/,,,,
河北司法警官职业学院,河北,邯郸,政法类,,http://www.jjgxy.com.cn/,,,,
湘潭教育学院,湖南,湘潭,师范类,,http://www.hnxtjyxy.com/,,,,
湖州职业技术学院,浙江,湖州,综合类,,http://202.107.243.69/,,,,
湖南食品药品职业学院,湖南,长沙,医药类,,http://www.hnyyxx.net/CL0001/,,,,
湖南铁道职业技术学院,湖南,株洲,综合类,,http://www.hnrpc.com/,,,,
沧州医学高等专科学校,河北,沧州,医药类,,http://www.czmc.cn/,,,,
湖南都市职业学院,湖南,长沙,综合类,,http://www.worlduc.com/e/default.aspx?eid=5396,,,,
湖南软件职业学院,湖南,湘潭,理工类,,http://www.hnsoftedu.com/,,,,
湖南艺术职业学院,湖南,长沙,艺术类,,http://www2.arthn.com/Index/Index.aspx,,,,
湖南网络工程职业学院,湖南,长沙,综合类,,http://www.hnevc.com/,,,,
湖南科技职业学院,湖南,长沙,综合类,,http://www.hnkjxy.net.cn/,,,,
沈阳航空职业技术学院,辽宁,沈阳,理工类,,http://www.syhzy.cn/,,,,
湖南电子科技职业学院,湖南,长沙,综合类,,http://www.8379888.com/,,,,
池州职业技术学院,安徽,池州,理工类,,http://www.czgz.cn/czgz2014/index.asp,,,,
江阴职业技术学院,江苏,江阴,理工类,,http://www.jypc.org/,,,,
江门职业技术学院,广东,江门,综合类,,http://www.jmpt.cn/,,,,
江西青年职业学院,江西,南昌,综合类,,http://www.jxqy.com.cn/WebFile/Default.aspx,,,,
江西财经职业学院,江西,九江,财经类,,http://www.jxvc.jx.cn/,,,,
湖南理工职业技术学院,湖南,湘潭,综合类,,http://www.xlgy.com/,,,,
湖南机电职业技术学院,湖南,长沙,理工类,,http://www.hnjdzy.net/,,,,
湖南工艺美术职业学院,湖南,益阳,艺术类,,http://www.hnmeida.com.cn/,,,,
湖南工程职业技术学院,湖南,长沙,理工类,,http://www.hngcjx.com.cn/,,,,
湖南工商职业学院,湖南,衡阳,理工类,,http://www.hngsxy.com/,,,,
湖南工业职业技术学院,湖南,长沙,理工类,,http://www.hunangy.com/,,,,
湖南安全技术职业学院,湖南,长沙,综合类,,http://www.cssttc.gov.cn/,,,,
湖南外贸职业学院,湖南,长沙,财经类,,http://www.hnwmxy.com/,,,,
湖南外国语职业学院,湖南,长沙,语言类,,http://www.hnflc.cn/,,,,
湖南司法警官职业学院,湖南,长沙,政法类,,http://www.hnsfjy.cn/,,,,
湖南化工职业技术学院,湖南,株洲,理工类,,http://www.hnhgzy.com/hnhgzy/,,,,
湖南交通职业技术学院,湖南,长沙,理工类,,http://www.hnjtzy.com.cn/,,,,
湖南九嶷职业技术学院,湖南,永州,综合类,,http://www.4744edu.com/,,,,
江西电力职业技术学院,江西,南昌,理工类,,http://www.dlzy.jx.sgcc.com.cn/ ,,,,
湖南中医药高等专科学校,湖南,株洲,医药类,,http://www.hntcmc.net/,,,,
江西生物科技职业学院,江西,南昌,农林类,,http://www.jxswkj.com/,,,,
湖北青年职业学院,湖北,武汉,政法类,,http://www.hbqnxy.com/,,,,
湖北轻工职业技术学院,湖北,武汉,理工类,,http://www.hbliti.com/,,,,
江西泰豪动漫职业学院,江西,南昌,综合类,,http://www.tellhowedu.com/,,,,
江西机电职业技术学院,江西,南昌,理工类,,http://www.jxjdxy.com/,,,,
江西旅游商贸职业学院,江西,南昌,财经类,,http://www.jxlsxy.com,,,,
湖北职业技术学院,湖北,孝感,理工类,,http://www.hbvtc.edu.cn/,,,,
江西卫生职业学院,江西,南昌,医药类,,http://www.jxhlxy.com.cn/,,,,
湖北科技职业学院,湖北,武汉,理工类,,http://www.hubstc.com.cn/,,,,
湖北生物科技职业学院,湖北,武汉,理工类,,http://www.hbswkj.com/,,,,
湖北开放职业学院,湖北,武汉,理工类,,http://www.hbou.cn/,,,,
江西工程职业学院,江西,南昌,综合类,,http://www.jxgcxy.com/,,,,
江西工业职业技术学院,江西,南昌,理工类,,http://www.jxgzy.cn/,,,,
湖北交通职业技术学院,湖北,武汉,理工类,,http://www.hbctc.edu.cn/,,,,
湖北中医药高等专科学校,湖北,荆州,医药类,,http://www.hbzyy.org/,,,,
湖北三峡职业技术学院,湖北,宜昌,理工类,,http://www.tgc.edu.cn/,,,,
江西外语外贸职业学院,江西,南昌,财经类,,http://www.jxcfs.com/,,,,
湄洲湾职业技术学院,福建,莆田,理工类,,http://www.fjmzw.com/,,,,
渭南职业技术学院,陕西,渭南,综合类,,http://www.wnzy.net/,,,,
江西医学高等专科学校,江西,上饶,医药类,,http://www.sryx.cn/,,,,
温州职业技术学院,浙江,温州,综合类,,http://www.wzvtc.cn/,,,,
温州科技职业学院,浙江,温州,综合类,,http://www.wzvcst.cn/,,,,
渤海船舶职业学院,辽宁,葫芦岛,理工类,,http://www.bhcy.cn/,,,,
渤海石油职业学院,河北,任丘,理工类,,http://www.bhsyxy.com/news/,,,,
江西冶金职业技术学院,江西,新余,理工类,,http://www.jxyjxy.com/,,,,
江苏食品药品职业技术学院,江苏,淮安,理工类,,http://www.jsfsc.edu.cn/,,,,
淮南联合大学,安徽,淮南,综合类,,http://www.hnuu.edu.cn/index.jsp,,,,
淮南职业技术学院,安徽,淮南,理工类,,http://www.hnvtc.ah.edu.cn/,,,,
淮北职业技术学院,安徽,淮北,理工类,,http://www.hbvtc.net/,,,,
江苏联合职业技术学院,江苏,南京,理工类,,http://www.juti.cn/article/index.asp,,,,
淄博职业学院,山东,淄博,综合类,,http://www.zbvc.cn/,,,,
江苏经贸职业技术学院,江苏,南京,财经类,,http://www.jseti.edu.cn,,,,
海南职业技术学院,海南,海口,综合类,,http://www.hcvt.cn/,,,,
海南政法职业学院,海南,海口,政法类,,http://www.hnplc.com/,,,,
海南工商职业学院,海南,海口,财经类,,http://www.hntbc.edu.cn/,,,,
浙江长征职业技术学院,浙江,杭州,综合类,,http://www.zjczxy.cn/,,,,
浙江邮电职业技术学院,浙江,绍兴,理工类,,http://www.zptc.cn/,,,,
浙江汽车职业技术学院,浙江,临海,理工类,,http://www.geely.edu.cn/,,,,
浙江横店影视职业学院,浙江,东阳,艺术类,,http://www.zjhyxy.net/Category_429/index.aspx,,,,
浙江警官职业学院,浙江,杭州,政法类,,http://www.zjjy.com.cn/,,,,
浙江艺术职业学院,浙江,杭州,艺术类,,http://www.zj-art.com/,,,,
江苏城市职业学院,江苏,南京,综合类,,http://www.jscvc.cn/,,,,
浙江育英职业技术学院,浙江,杭州,财经类,,http://www.zjyyc.com/,,,,
江苏信息职业技术学院,江苏,无锡,理工类,,http://www.jsit.edu.cn/,,,,
浙江经贸职业技术学院,浙江,杭州,财经类,,http://www.zjiet.edu.cn/,,,,
浙江经济职业技术学院,浙江,杭州,财经类,,http://www.zjtie.edu.cn/,,,,
江海职业技术学院,江苏,扬州,理工类,,http://www.jhu.cn/,,,,
浙江机电职业技术学院,浙江,杭州,理工类,,http://www.zime.edu.cn/default.html,,,,
浙江旅游职业学院,浙江,杭州,财经类,,http://www.tczj.net/,,,,
江南影视艺术职业学院,江苏,无锡,艺术类,,http://www.jnys.cn/,,,,
浙江建设职业技术学院,浙江,杭州,理工类,,http://www.zjjy.net/default.html,,,,
浙江工贸职业技术学院,浙江,温州,综合类,,http://www.zjitc.net/,,,,
浙江工商职业技术学院,浙江,宁波,财经类,,http://www.zjbti.net.cn/,,,,
浙江同济科技职业学院,浙江,杭州,理工类,,http://www.zjtongji.edu.cn/,,,,
浙江医药高等专科学校,浙江,宁波,医药类,,http://www.zjpc.net.cn/,,,,
杭州医学院,浙江,杭州,医药类,,http://www.zjmc.net.cn/,,,,
浙江农业商贸职业学院,浙江,绍兴,理工类,,http://www.znszy.com/,,,,
浙江东方职业技术学院,浙江,温州,综合类,,http://www.zjdfc.com/Index.asp,,,,
济源职业技术学院,河南,济源,理工类,,http://www.jyvtc.com/,,,,
浙江商业职业技术学院,浙江,杭州,财经类,,http://www.zjvcc.edu.cn/,,,,
济宁职业技术学院,山东,济宁,综合类,,http://www.jnzjxy.com.cn/,,,,
济南职业学院,山东,济南,综合类,,http://www.jnvc.cn,,,,
济南护理职业学院,山东,济南,医药类,,http://www.sdjnwx.com/,,,,
济南工程职业技术学院,山东,济南,理工类,,http://www.jngcxy.com/,,,,
洛阳职业技术学院,河南,洛阳,理工类,,http://www.lyvtc.net/,,,,
泰州职业技术学院,江苏,泰州,理工类,,http://www.tzpc.edu.cn/,,,,
泰山职业技术学院,山东,泰安,综合类,,http://www.mtotc.com.cn/,,,,
泉州轻工职业学院,福建,晋江,理工类,,http://www.qzqgxy.com/,,,,
泉州经贸职业技术学院,福建,泉州,财经类,,http://www.qzjmc.cn/,,,,
泉州纺织服装职业学院,福建,石狮,理工类,,http://www.qzfzfz.com/,,,,
泉州理工职业学院,福建,泉州,理工类,,http://www.qzit.edu.cn/,,,,
泉州医学高等专科学校,福建,泉州,医药类,,http://www.qzygz.com/,,,,
河南质量工程职业学院,河南,平顶山,理工类,,http://www.zlxy.cn/,,,,
永城职业学院,河南,永城,理工类,,http://www.ycvc.edu.cn/,,,,
民办安徽旅游职业学院,安徽,颍上,财经类,,http://www.ahlyedu.cn/,,,,
民办合肥财经职业学院,安徽,合肥,财经类,,http://www.hffe.cn/,,,,
武汉警官职业学院,湖北,武汉,政法类,,http://www.whpa.cn/index.php,,,,
武汉科技职业学院,湖北,武汉,理工类,,http://www.whkjzy.cn,,,,
成都航空职业技术学院,四川,成都,理工类,,http://www.cdavtc.edu.cn/campus/sy/,,,,
武汉电力职业技术学院,湖北,武汉,理工类,,http://www.whetc.com/,,,,
柳州铁道职业技术学院,广西,柳州,理工类,,http://www.lztdzy.com/,,,,
柳州职业技术学院,广西,柳州,综合类,,http://www.lzzy.net/,,,,
柳州城市职业学院,广西,柳州,综合类,,http://www.lcvc.cn/,,,,
枣庄职业学院,山东,枣庄,综合类,,http://www.sdzzvc.cn/,,,,
枣庄科技职业学院,山东,滕州,理工类,,http://www.zzkjxy.com/,,,,
松原职业技术学院,吉林,松原,理工类,,http://www.sypt.cn/,,,,
杭州职业技术学院,浙江,杭州,综合类,,http://www.hzvtc.edu.cn/web/index.asp,,,,
杭州科技职业技术学院,浙江,杭州,综合类,,http://www.hzaspt.edu.cn/,,,,
杭州万向职业技术学院,浙江,杭州,综合类,,http://www.wxpoly.cn/,,,,
杨凌职业技术学院,陕西,西安,农林类,,http://www.ylvtc.cn/,,,,
朝阳师范高等专科学校,辽宁,沈阳,师范类,,http://www.cysz.com.cn/,,,,
朔州职业技术学院,山西,朔州,综合类,,http://www.szvtc.com/,,,,
曲靖医学高等专科学校,云南,曲靖,医药类,,http://www.qjyz.org/,,,,
武汉工贸职业学院,湖北,武汉,理工类,,http://www.whgmxy.com/,,,,
武汉工程职业技术学院,湖北,武汉,理工类,,http://www.wgxy.net/,,,,
晋中职业技术学院,山西,晋中,综合类,,http://www.jzzy.sx.cn/,,,,
晋中师范高等专科学校,山西,晋中,师范类,,http://www.sxjzsf.cn,,,,
昆明艺术职业学院,云南,昆明,艺术类,,http://www.kmac.org.cn/,,,,
昆明工业职业技术学院,云南,昆明,理工类,,http://www.kmvtc.net/,,,,
昆明卫生职业学院,云南,昆明,医药类,,http://www.kmhpc.net/,,,,
昆明冶金高等专科学校,云南,昆明,理工类,,http://www.kmyz.edu.cn/,,,,
昆山登云科技职业学院,江苏,苏州,理工类,,http://www.dyc.edu.cn/,,,,
无锡职业技术学院,江苏,无锡,理工类,,http://www.wxit.edu.cn/,,,,
无锡科技职业学院,江苏,无锡,理工类,,http://www.wxstc.cn/,,,,
无锡工艺职业技术学院,江苏,宜兴,理工类,,http://www.wxgyxy.cn/default.htm,,,,
无锡商业职业技术学院,江苏,无锡,财经类,,http://www.jscpu.com/,,,,
无锡南洋职业技术学院,江苏,无锡,理工类,,http://www.wsoc.edu.cn/,,,,
新疆轻工职业技术学院,新疆,乌鲁木齐,理工类,,http://www.xjqg.edu.cn/xjqgxy/inx1/,,,,
新疆能源职业技术学院,新疆,乌鲁木齐,理工类,,http://www.xjnyedu.com/Index.html,,,,
新疆职业大学,新疆,乌鲁木齐,综合类,,http://www.xjvu.edu.cn/,,,,
武汉外语外事职业学院,湖北,武汉,语言类,,http://www.whflfa.com/wsxy/index.html,,,,
新疆维吾尔医学专科学校,新疆,和田,医药类,,http://www.xjumc.cn/,,,,
新疆石河子职业技术学院,新疆,石河子,理工类,,http://www.xjshzzy.com/,,,,
新疆现代职业技术学院,新疆,乌鲁木齐,医药类,,http://www.xjxiandai.net/,,,,
武汉城市职业学院,湖北,武汉,师范类,,http://www.whcvc.edu.cn/,,,,
武汉商贸职业学院,湖北,武汉,财经类,,http://www.whicu.com/,,,,
新疆建设职业技术学院,新疆,乌鲁木齐,理工类,,http://www.xjjszy.net ,,,,
新疆应用职业技术学院,新疆,奎屯,理工类,,http://www.xjyyedu.cn/,,,,
新疆天山职业技术学院,新疆,乌鲁木齐,综合类,,http://www.xjtsxy.cn/,,,,
武汉冶金管理干部学院,湖北,武汉,理工类,,http://www.mjwfg.com/,,,,
新疆体育职业技术学院,新疆,乌鲁木齐,综合类,,http://www.xjsvtc.com/,,,,
新疆交通职业技术学院,新疆,乌鲁木齐,理工类,,http://www.xjjtedu.com/pe/index.html,,,,
新乡职业技术学院,河南,新乡,理工类,,http://www.xxvtc.com/,,,,
揭阳职业技术学院,广东,揭阳,综合类,,http://www.jyc.edu.cn/,,,,
拉萨师范高等专科学校,西藏,拉萨,师范类,,http://www.xzlssf.org/,,,,
抚州职业技术学院,江西,抚州,综合类,,http://www.fzjsxy.com/,,,,
承德护理职业学院,河北,承德,医药类,,http://www.cdwx.cn/,,,,
扬州职业大学,江苏,扬州,理工类,,http://www.yzpc.edu.cn/,,,,
扬州工业职业技术学院,江苏,扬州,理工类,,http://www.ypi.edu.cn/,,,,
成都艺术职业学院,四川,成都,艺术类,,http://www.cdartpro.cn/,,,,
成都纺织高等专科学校,四川,成都,理工类,,http://www.cdtc.edu.cn/,,,,
成都农业科技职业学院,四川,成都,农林类,,http://www.cdnkxy.com/,,,,
武夷山职业学院,福建,武夷山,综合类,,http://www.wyszyxy.com/,,,,
正德职业技术学院,江苏,南京,理工类,,http://www.zdxy.cn/,,,,
榆林职业技术学院,陕西,榆林,理工类,,http://www.yulinvtc.com.cn/,,,,
梧州职业学院,广西,梧州,理工类,,http://www.wzzyedu.com/,,,,
惠州经济职业技术学院,广东,惠州,财经类,,http://www.hzcollege.com/,,,,
徽商职业学院,安徽,合肥,财经类,,http://www.huishangedu.cn/,,,,
德州职业技术学院,山东,德州,综合类,,http://www.dzvtc.cn/,,,,
德州科技职业学院,山东,禹城,综合类,,http://www.sddzkj.com/,,,,
德宏职业学院,云南,德宏,综合类,,http://www.yndhvc.com/,,,,
德宏师范高等专科学校,云南,德宏,师范类,,http://yndhec.net/,,,,
湖南汽车工程职业学院,湖南,株洲,理工类,,http://www.zzptc.com/,,,,
徐州工业职业技术学院,江苏,徐州,理工类,,http://www.xzcit.edu.cn/,,,,
河西学院,甘肃,张掖,医药类,,http://www.zymc.edu.cn/,,,,
哈尔滨职业技术学院,黑龙江,哈尔滨,综合类,,http://www.hzjxy.net/,,,,
哈尔滨电力职业技术学院,黑龙江,哈尔滨,理工类,,http://www.hl.sgcc.com.cn/hdy/,,,,
张家口职业技术学院,河北,张家口,理工类,,http://www.zhz.cn,,,,
开封文化艺术职业学院,河南,开封,艺术类,,http://www.kfvcca.com,,,,
开封教育学院,河南,开封,师范类,,http://www.kfie.cn/,,,,
开封大学,河南,开封,理工类,,http://www.kfu.edu.cn/,,,,
建东职业技术学院,江苏,常州,理工类,,http://www.czjdu.com/,,,,
延边职业技术学院,吉林,延吉,综合类,,http://www.ybvtc.com/index.php,,,,
延安职业技术学院,陕西,延安,理工类,,http://www.yapt.cn/,,,,
廊坊燕京职业技术学院,河北,三河,综合类,,http://www.lfyjzjxy.com/,,,,
河北东方学院,河北,廊坊,综合类,,http://www.dfzy.edu.cn/,,,,
应天职业技术学院,江苏,南京,理工类,,http://www.ytc.edu.cn/,,,,
广西英华国际职业学院,广西,南宁,综合类,,http://www.tic-gx.com/,,,,
广西经济职业学院,广西,南宁,财经类,,http://www.gxevc.com/,,,,
广西科技职业学院,广西,南宁,理工类,,http://www.gxkjzy.com/,,,,
广西电力职业技术学院,广西,南宁,理工类,,http://www.gxdlxy.com/,,,,
广西理工职业技术学院,广西,崇左,理工类,,http://gxlgxy.com/,,,,
广西演艺职业学院,广西,南宁,艺术类,,http://www.gxart.cn/,,,,
广西机电职业技术学院,广西,南宁,理工类,,http://www.gxcme.edu.cn/,,,,
广西教育学院,广西,南宁,师范类,,http://www.gxec.net.cn/,,,,
广西工程职业学院,广西,百色,理工类,,http://www.gxgcedu.com/,,,,
广西城市职业学院,广西,南宁,综合类,,http://www.gxccedu.com/,,,,
广西卫生职业技术学院,广西,南宁,医药类,,http://www.gxwzy.com.cn/,,,,
广西农业职业技术学院,广西,南宁,农林类,,http://www.gxnyxy.com.cn/index.aspx,,,,
广西体育高等专科学校,广西,南宁,体育类,,http://www.gxtznn.com/,,,,
广西交通职业技术学院,广西,南宁,理工类,,http://www.gxjzy.com/,,,,
广州铁路职业技术学院,广东,广州,理工类,,http://www.gtxy.cn/,,,,
广州科技职业技术学院,广东,广州,综合类,,http://www.gzkjxy.net/,,,,
广州番禺职业技术学院,广东,广州,综合类,,http://121.33.253.213/,,,,
广州民航职业技术学院,广东,广州,理工类,,http://www.caac.net/,,,,
广州松田职业学院,广东,广州,综合类,,http://www.sontanedu.cn/cn/index.html,,,,
广州康大职业技术学院,广东,广州,综合类,,http://www.kdvtc-edu.cn/,,,,
广州工程技术职业学院,广东,广州,综合类,,http://www.gzvtc.cn,,,,
广州城建职业学院,广东,广州,理工类,,http://www.gzccc.edu.cn/,,,,
广州城市职业学院,广东,广州,综合类,,http://www.gcp.edu.cn/,,,,
广州华立科技职业学院,广东,广州,综合类,,http://www.hlxy.net/,,,,
广州华夏职业学院,广东,广州,综合类,,http://www.gzhxtc.cn/,,,,
广州华商职业学院,广东,广州,财经类,,http://gzhsvc.com/,,,,
广州华南商贸职业学院,广东,广州,财经类,,http://www.hnsmxy.cn/,,,,
广州体育职业技术学院,广东,广州,体育类,,http://www.gztzy.net/,,,,
广州东华职业学院,广东,广州,综合类,,http://dhxy.gdcct.gov.cn/,,,,
广安职业技术学院,四川,广安,综合类,,http://www.gavtc.cn/,,,,
广东食品药品职业学院,广东,广州,理工类,,http://www.gdyzy.edu.cn,,,,
广东青年职业学院,广东,广州,综合类,,http://www.gdylc.cn/,,,,
广东邮电职业技术学院,广东,广州,理工类,,http://www.gupt.net/,,,,
广东行政职业学院,广东,广州,综合类,,http://www.gdxzzy.cn/,,,,
广东舞蹈戏剧职业学院,广东,佛山,理工类,,http://www.gdddc.cn/,,,,
广东职业技术学院,广东,佛山,理工类,,http://www.gdptc.cn/,,,,
广东机电职业技术学院,广东,广州,理工类,,http://www.gdmec.com/,,,,
广东新安职业技术学院,广东,深圳,综合类,,http://www.gdxa.cn/,,,,
厦门东海职业技术学院,福建,厦门,综合类,,http://www.xmdh.com/,,,,
南阳职业学院,河南,南阳,理工类,,http://www.nyzyxy.com/,,,,
广东文理职业学院,广东,廉江,医药类,,http://www.gdwlxy.cn/Index.html,,,,
广东建设职业技术学院,广东,广州,理工类,,http://www.gdcvi.net/main/index.asp,,,,
广东工贸职业技术学院,广东,广州,理工类,,http://www.gdgm.cn/,,,,
南通职业大学,江苏,南通,理工类,,http://www.ntvu.edu.cn/,,,,
江苏工程职业技术学院,江苏,南通,理工类,,http://www.nttec.edu.cn/,,,,
广东岭南职业技术学院,广东,广州,综合类,,http://www.lingnancollege.com.cn/,,,,
广东司法警官职业学院,广东,广州,政法类,,http://www.gdsfjy.cn/,,,,
广东南方职业学院,广东,江门,艺术类,,http://www.gdnfu.com/index.html,,,,
广东创新科技职业学院,广东,东莞,理工类,,http://www.gdcxxy.net/,,,,
广东农工商职业技术学院,广东,广州,综合类,,http://www.gdaib.edu.cn/,,,,
广东体育职业技术学院,广东,广州,体育类,,http://www.gdvcp.net/index.html,,,,
广东交通职业技术学院,广东,广州,理工类,,http://www.gdcp.cn/,,,,
广东亚视演艺职业学院,广东,东莞,艺术类,,http://www.atvcn.com/,,,,
平顶山工业职业技术学院,河南,平顶山,理工类,,http://www.pzxy.edu.cn/html/xyjj.html,,,,
常德职业技术学院,湖南,常德,综合类,,http://www.cdzy.cn/,,,,
常州轻工职业技术学院,江苏,常州,理工类,,http://www.czili.edu.cn/,,,,
常州工程职业技术学院,江苏,常州,理工类,,http://www.czie.net/,,,,
常州信息职业技术学院,江苏,常州,理工类,,http://ccit.js.cn/index.asp,,,,
巴音郭楞职业技术学院,新疆,库尔勒,理工类,,http://www.xjbyxy.cn/,,,,
嵩山少林武术职业学院,河南,郑州,体育类,,http://www.shaolinkungfu.edu.cn/,,,,
岳阳职业技术学院,湖南,岳阳,综合类,,http://www.yvtc.edu.cn/,,,,
山西金融职业学院,山西,太原,财经类,,http://www.sxjrzyxy.com,,,,
山西警官高等专科学校,山西,太原,政法类,,http://www.sxpu.com.cn/,,,,
山西药科职业学院,山西,太原,医药类,,http://www.sxbac.net.cn/,,,,
山西艺术职业学院,山西,太原,艺术类,,http://www.sxyz.com/,,,,
山西职工医学院,山西,太原,医药类,,http://sxzg.sxbys.com.cn/,,,,
山西经济管理干部学院,山西,太原,财经类,,http://www.sxemc.com/,,,,
山西管理职业学院,山西,临汾,财经类,,http://www.sxglzyxy.com.cn/,,,,
山西电力职业技术学院,山西,太原,理工类,,http://222.199.16.34/,,,,
山西水利职业技术学院,山西,运城,理工类,,http://www.sxsy.com.cn/,,,,
山西建筑职业技术学院,山西,太原,理工类,,http://www.sxatc.com/,,,,
南宁地区教育学院,广西,崇左,师范类,,http://www.nnjy.net/,,,,
山西工程职业技术学院,山西,太原,理工类,,http://wwwt.sxgy.cn/,,,,
南京铁道职业技术学院,江苏,南京,理工类,,http://www.njrts.edu.cn/,,,,
山西林业职业技术学院,山西,太原,林业类,,http://www.sxly.com.cn/,,,,
山西同文职业技术学院,山西,介休,理工类,,http://www.sxtwedu.com,,,,
山西华澳商贸职业学院,山西,太原,财经类,,http://www.huaao.sx.cn/,,,,
山西信息职业技术学院,山西,临汾,理工类,,http://www.vcit.cn/,,,,
山东铝业职业学院,山东,淄博,理工类,,http://www.shlzhj.net/,,,,
山东药品食品职业学院,山东,威海,医药类,,http://www.sddfvc.cn/,,,,
山东职业学院,山东,济南,理工类,,http://www.sdp.edu.cn/,,,,
山东经贸职业学院,山东,潍坊,财经类,,http://www.sdecu.com/,,,,
山东科技职业学院,山东,潍坊,理工类,,http://www.sdzy.com.cn/,,,,
山东行政学院,山东,济南,政法类,,http://www.sdai.gov.cn/,,,,
山东电子职业技术学院,山东,济南,理工类,,http://www.sdcet.cn/,,,,
山东电力高等专科学校,山东,济南,理工类,,http://www.sepc.edu.cn/,,,,
山东理工职业学院,山东,济宁,综合类,,http://www.sdlgzy.com,,,,
山东海事职业学院,山东,潍坊,理工类,,http://www.sdm.net.cn/,,,,
山东水利职业学院,山东,日照,理工类,,http://www.sdwrp.com/,,,,
山东杏林科技职业学院,山东,济南,综合类,,http://www.sdxlxy.com/,,,,
山东旅游职业学院,山东,济南,财经类,,http://www.sdts.net.cn,,,,
山东工业职业学院,山东,淄博,理工类,,http://www.sdivc.net.cn/,,,,
东营科技职业学院,山东,东营,综合类,,http://www.dycollege.net/index.html,,,,
山东外贸职业学院,山东,青岛,财经类,,http://www.sdwm.cn/,,,,
山东外国语职业学院,山东,日照,语言类,,http://www.sdflc.com/,,,,
山东外事翻译职业学院,山东,济南,综合类,,http://www.wsfy.cn/2013/index.html,,,,
山东圣翰财贸职业学院,山东,济南,综合类,,http://www.suu.com.cn,,,,
山东商务职业学院,山东,烟台,综合类,,http://www.sdbi.com.cn/,,,,
山东商业职业技术学院,山东,济南,财经类,,http://www.sict.edu.cn/index.html,,,,
南京视觉艺术职业学院,江苏,南京,艺术类,,http://www.niva.cn,,,,
山东化工职业学院,山东,淄博,综合类,,http://www.qledu.net/,,,,
山东劳动职业技术学院,山东,济南,理工类,,http://www.sdlvtc.cn/,,,,
山东力明科技职业学院,山东,济南,综合类,,http://www2.6789.com.cn/2009/index.asp,,,,
山东凯文科技职业学院,山东,济南,理工类,,http://www.sdkevin.cn/,,,,
山东信息职业技术学院,山东,潍坊,理工类,,http://www.sdcit.cn/,,,,
南京机电职业技术学院,江苏,南京,理工类,,http://www.njcmee.net/,,,,
南京工业职业技术学院,江苏,南京,理工类,,http://www.niit.edu.cn ,,,,
南京城市职业学院,江苏,南京,综合类,,http://www.ncc.com.cn/,,,,
山东传媒职业学院,山东,济南,综合类,,http://www.sdcmc.net/,,,,
山东中医药高等专科学校,山东,莱阳,医药类,,http://www.stcmchina.com/,,,,
山东轻工职业学院,山东,淄博,理工类,,http://www.silkedu.com/,,,,
宿迁泽达职业技术学院,江苏,宿迁,理工类,,http://www.zdct.cn/index1.asp,,,,
宿州职业技术学院,安徽,宿州,理工类,,http://www.szzy.ah.cn/,,,,
宣城职业技术学院,安徽,宣城,理工类,,http://www.xcvtc.edu.cn/,,,,
宣化科技职业学院,河北,张家口,综合类,,http://www.xhkjzyxy.com/zw/index.asp,,,,
宜春职业技术学院,江西,宜春,综合类,,http://www.ycvc.jx.cn,,,,
定西师范高等专科学校,甘肃,定西,师范类,,http://www.dxatc.cn/,,,,
安顺职业技术学院,贵州,安顺,综合类,,http://www.asotc.cn/Index.html,,,,
安阳职业技术学院,河南,安阳,理工类,,http://jsxy.anyangedu.com/,,,,
南京交通职业技术学院,江苏,南京,理工类,,http://www.njci.edu.cn,,,,
安徽黄梅戏艺术职业学院,安徽,安庆,艺术类,,http://www.ahmxx.cn/,,,,
安徽长江职业学院,安徽,巢湖,综合类,,http://www.ahcjxy.com/,,,,
安徽邮电职业技术学院,安徽,合肥,理工类,,http://www.ahptc.cn/,,,,
安徽财贸职业学院,安徽,合肥,财经类,,http://www.aftvc.com/,,,,
安徽警官职业学院,安徽,合肥,政法类,,http://www.ahjgxy.com/,,,,
安徽艺术职业学院,安徽,合肥,艺术类,,http://www.artah.cn/,,,,
安徽职业技术学院,安徽,合肥,理工类,,http://www.avtc.cn/,,,,
安徽绿海商务职业学院,安徽,合肥,财经类,,http://www.lhub.cn/web/lvhai/,,,,
安徽粮食工程职业学院,安徽,合肥,综合类,,http://www.ahlsxy.cn/,,,,
安徽涉外经济职业学院,安徽,合肥,财经类,,http://www.ahaec-edu.cn/,,,,
安徽汽车职业技术学院,安徽,合肥,理工类,,http://www.jacedu.cn/,,,,
安徽林业职业技术学院,安徽,合肥,林业类,,http://www.ahlyxy.cn/chinese/index.htm,,,,
安徽扬子职业技术学院,安徽,芜湖,综合类,,http://www.yangzixueyuan.com/,,,,
安徽工贸职业技术学院,安徽,淮南,理工类,,http://www.ahgmedu.cn/,,,,
安徽工商职业学院,安徽,合肥,财经类,,http://www.ahbvc.cn/,,,,
安徽工业职业技术学院,安徽,铜陵,理工类,,http://www.ahip.cn/,,,,
安徽审计职业学院,安徽,合肥,财经类,,http://www.ahsjxy.cn/,,,,
安徽城市管理职业学院,安徽,合肥,财经类,,http://www.cmoc.cn/,,,,
安徽国际商务职业学院,安徽,合肥,财经类,,http://www.ahiib.com/,,,,
安徽国防科技职业学院,安徽,六安,理工类,,http://www.ahgf.com.cn/,,,,
安徽商贸职业技术学院,安徽,芜湖,财经类,,http://www.abc.edu.cn/,,,,
安徽医学高等专科学校,安徽,合肥,医药类,,http://www.ahyz.cn/,,,,
安徽冶金科技职业学院,安徽,马鞍山,理工类,,http://www.ahyky.com/,,,,
北京财贸职业学院,北京,北京,财经类,,http://www.bjczy.edu.cn/,,,,
北京经济管理职业学院,北京,北京,财经类,,http://www.biem.edu.cn,,,,
北京经济技术职业学院,北京,北京,财经类,,http://www.bibt.edu.cn,,,,
北京科技职业学院,北京,北京,理工类,,http://www.5aaa.com/,,,,
安徽人口职业学院,安徽,池州,综合类,,http://www.ahrkxy.com/,,,,
安徽中澳科技职业学院,安徽,合肥,语言类,,http://www.acac.cn/zaxy/public/index.xp,,,,
安康职业技术学院,陕西,安康,综合类,,http://www.ak321.com/,,,,
安庆职业技术学院,安徽,安庆,理工类,,http://www.aqvtc.cn/,,,,
安庆医药高等专科学校,安徽,安庆,医药类,,http://www.aqyyz.cn/,,,,
宁波职业技术学院,浙江,宁波,综合类,,http://www.nbptweb.net/,,,,
宁波卫生职业技术学院,浙江,宁波,医药类,,http://www.nbchs.net/,,,,
宁德职业技术学院,福建,福安,综合类,,http://www.ndgzy.com/,,,,
宁夏财经职业技术学院,宁夏,银川,财经类,,http://www.nxcy.edu.cn/,,,,
宁夏职业技术学院,宁夏,银川,综合类,,http://www.nxtc.edu.cn/,,,,
宁夏民族职业技术学院,宁夏,吴忠,民族类,,http://www.nxmzy.com.cn/,,,,
宁夏建设职业技术学院,宁夏,银川,理工类,,http://www.nxjy.edu.cn/,,,,
北京电子科技职业学院,北京,北京,理工类,,http://www.dky.bjedu.cn/,,,,
宁夏工商职业技术学院,宁夏,银川,财经类,,http://www.nxjm.com/,,,,
北京现代职业技术学院,北京,北京,理工类,,http://www.moderncollege.com.cn/,,,,
天津机电职业技术学院,天津,天津,理工类,,http://www.suoyuan.com.cn/,,,,
天津广播影视职业学院,天津,天津,艺术类,,http://www.tjgbys.com/,,,,
北京艺术传媒职业学院,北京,北京,综合类,,http://www.bjamu.cn/,,,,
天津工艺美术职业学院,天津,天津,艺术类,,http://www.gmtj.com/,,,,
天津工程职业技术学院,天津,天津,理工类,,http://www.tjeti.com/,,,,
北京戏曲艺术职业学院,北京,北京,艺术类,,http://www.bjxx.com.cn/index.aspx,,,,
四川城市职业学院,四川,成都,综合类,,http://www.scuvc.com/,,,,
四川国际标榜职业学院,四川,成都,艺术类,,http://pivotpoint.edu.cn/,,,,
四川卫生康复职业学院,四川,自贡,医药类,,http://www.sczghs.com/,,,,
商洛职业技术学院,陕西,商洛,综合类,,http://www.slzyjsxy.com/,,,,
商丘医学高等专科学校,河南,商丘,医药类,,http://www.sqyx.edu.cn/,,,,
哈尔滨科学技术职业学院,黑龙江,哈尔滨,综合类,,http://www.hrbkjzy.cn,,,,
哈尔滨江南职业技术学院,黑龙江,哈尔滨,综合类,,http://www.13451.cn,,,,
哈尔滨应用职业技术学院,黑龙江,哈尔滨,综合类,,http://www.hyyzy.com/,,,,
哈尔滨传媒职业学院,黑龙江,哈尔滨,综合类,,http://www.hrbmcc.com/,,,,
周口职业技术学院,河南,周口,理工类,,http://www.zkvtc.edu.cn,,,,
合肥通用职业技术学院,安徽,合肥,理工类,,http://www.hftyxy.com/,,,,
合肥科技职业学院,安徽,合肥,理工类,,http://www.hstu.edu.cn/,,,,
合肥共达职业技术学院,安徽,合肥,理工类,,http://gdxy.hfut.edu.cn/,,,,
合肥信息技术职业学院,安徽,合肥,理工类,,http://www.hfitu.cn/,,,,
厦门演艺职业学院,福建,厦门,艺术类,,http://www.xmyanyi.com/,,,,
厦门医学高等专科学校,福建,厦门,医药类,,http://www.xmygz.cn,,,,
南昌职业学院,江西,南昌,综合类,,http://www.nczyxy.com/ ,,,,
三门峡职业技术学院,河南,三门峡,理工类,,http://www.smxpt.cn/2013/,,,,
三明职业技术学院,福建,三明,综合类,,http://www.smvtc.com/,,,,
三亚航空旅游职业学院,海南,三亚,理工类,,http://www.hnasatc.com/gb/,,,,
三亚理工职业学院,海南,三亚,理工类,,http://www.ucsanya.com/,,,,
北京交通职业技术学院,北京,北京,理工类,,http://www.jtxy.com.cn/,,,,
天津职业大学,天津,天津,综合类,,http://www.tjtc.edu.cn/,,,,
天津艺术职业学院,天津,天津,艺术类,,http://www.arttj.cn/,,,,
天津轻工职业技术学院,天津,天津,综合类,,http://211.81.40.66/,,,,
包头钢铁职业技术学院,内蒙古,古包头,理工类,,http://www.btsvc.net/,,,,
太原城市职业技术学院,山西,太原,综合类,,http://www.cntcvc.com/,,,,
太湖创意职业技术学院,江苏,无锡,财经类,,http://www.thcyzy.org/,,,,
内蒙古能源职业学院,内蒙古,呼和浩特,理工类,,http://www.nmpower.cn/,,,,
娄底职业技术学院,湖南,娄底,综合类,,http://www.ldzy.com/,,,,
